{
  "GET_SALES_AND_TRAFFIC_REPORT": {
    "create_report": true,
    "sync_mode": "WRITE_APPEND",
    "format": "csv",
    "json_columns": [
      "salesByDate",
      "trafficByDate"
    ]
  },
  "GET_BRAND_ANALYTICS_REPEAT_PURCHASE_REPORT": {
    "create_report": true,
    "sync_mode": "WRITE_APPEND",
    "format": "csv",
    "json_columns": [
      "repeatPurchaseRevenue"
    ]
  },
  "GET_V1_SELLER_PERFORMANCE_REPORT": {
    "create_report": true,
    "sync_mode": "WRITE_APPEND",
    "format": "xml"
  },
  "GET_XML_BROWSE_TREE_DATA": {
    "create_report": true,
    "sync_mode": "WRITE_APPEND",
    "format": "xml"
  },
  "GET_B2B_PRODUCT_OPPORTUNITIES_NOT_YET_ON_AMAZON": {
    "create_report": true,
    "sync_mode": "WRITE_APPEND",
    "format": "json"
  },
  "GET_B2B_PRODUCT_OPPORTUNITIES_RECOMMENDED_FOR_YOU": {
    "create_report": true,
    "sync_mode": "WRITE_APPEND",
    "format": "json"
  }
}