{
  "api_sp": {
    "GET_FBA_STORAGE_FEE_CHARGES_DATA": {
      "create_report": true,
      "sync_mode": "WRITE_APPEND",
      "args": {
        "dataStartTime": 60
      }
    },
    "GET_AFN_INVENTORY_DATA_BY_COUNTRY": {
      "create_report": true,
      "sync_mode": "WRITE_TRUNCATE",
      "args": {
        "dataStartTime": 60
      }
    },
    "GET_FBA_INVENTORY_PLANNING_DATA": {
      "create_report": true,
      "sync_mode": "WRITE_TRUNCATE",
      "args": {
        "dataStartTime": 60
      }
    },
    "GET_FBA_MYI_UNSUPPRESSED_INVENTORY_DATA": {
      "create_report": true,
      "sync_mode": "WRITE_TRUNCATE",
      "args": {
        "dataStartTime": 60
      }
    },
    "GET_ORDER_REPORT_DATA_SHIPPING": {
      "create_report": true,
      "sync_mode": "WRITE_TRUNCATE",
      "args": {
        "dataStartTime": 60
      }
    },
    "GET_AMAZON_FULFILLED_SHIPMENTS_DATA_GENERAL": {
      "create_report": true,
      "sync_mode": "WRITE_APPEND",
      "args": {
        "dataStartTime": 60
      }
    },
    "GET_FBA_ESTIMATED_FBA_FEES_TXT_DATA": {
      "create_report": true,
      "sync_mode": "WRITE_APPEND",
      "args": {
        "dataStartTime": 60
      }
    },
    "GET_FBA_FULFILLMENT_REMOVAL_ORDER_DETAIL_DATA": {
      "create_report": true,
      "sync_mode": "WRITE_APPEND",
      "args": {
        "dataStartTime": 60
      }
    },
    "GET_FBA_FULFILLMENT_REMOVAL_SHIPMENT_DETAIL_DATA": {
      "create_report": true,
      "sync_mode": "WRITE_APPEND",
      "args": {
        "dataStartTime": 60
      }
    },
    "GET_FBA_REIMBURSEMENTS_DATA": {
      "create_report": true,
      "sync_mode": "WRITE_APPEND",
      "args": {
        "dataStartTime": 60
      }
    },
    "GET_LEDGER_DETAIL_VIEW_DATA": {
      "create_report": true,
      "sync_mode": "WRITE_APPEND",
      "args": {
        "dataStartTime": 60
      }
    },
    "GET_LEDGER_SUMMARY_VIEW_DATA": {
      "create_report": true,
      "sync_mode": "WRITE_APPEND",
      "args": {
        "dataStartTime": 60
      }
    },
    "GET_SALES_AND_TRAFFIC_REPORT": {
      "create_report": true,
      "sync_mode": "WRITE_APPEND",
      "args": {
        "dataStartTime": 30,
        "reportOptions": {
          "asinGranularity": "CHILD",
          "dateGranularity": "MONTH"
        }
      }
    },
    "GET_V2_SETTLEMENT_REPORT_DATA_FLAT_FILE": {
      "create_report": false,
      "sync_mode": "WRITE_APPEND",
      "args": {
        "dataStartTime": 60
      }
    },
    "GET_FBA_FULFILLMENT_CUSTOMER_RETURNS_DATA": {
      "create_report": true,
      "sync_mode": "WRITE_APPEND",
      "args": {
        "dataStartTime": 60
      }
    },
    "GET_FLAT_FILE_ALL_ORDERS_DATA_BY_LAST_UPDATE_GENERAL": {
      "create_report": true,
      "sync_mode": "WRITE_APPEND",
      "args": {
        "dataStartTime": 30
      }
    },
    "GET_FLAT_FILE_ALL_ORDERS_DATA_BY_ORDER_DATE_GENERAL": {
      "create_report": true,
      "sync_mode": "WRITE_APPEND",
      "args": {
        "dataStartTime": 30
      }
    },
    "GET_BRAND_ANALYTICS_MARKET_BASKET_REPORT": {
      "create_report": true,
      "sync_mode": "WRITE_APPEND",
      "args": {
        "dataStartTime": 14,
        "dataEndTime": 8,
        "reportOptions": {
          "reportPeriod": "WEEK"
        }
      }
    },
    "GET_BRAND_ANALYTICS_REPEAT_PURCHASE_REPORT": {
      "create_report": true,
      "sync_mode": "WRITE_APPEND",
      "args": {
        "dataStartTime": 14,
        "dataEndTime": 8,
        "reportOptions": {
          "reportPeriod": "WEEK"
        }
      }
    },
    "GET_ORDERS": {
      "create_report": false,
      "sync_mode": "WRITE_APPEND",
      "args": {
        "LastUpdatedAfter": 30
      }
    },
    "GET_ORDER_ITEMS": {
      "create_report": false,
      "sync_mode": "WRITE_APPEND",
      "args": {
        "LastUpdatedAfter": 30
      }
    },
    "GET_BRAND_ANALYTICS_SEARCH_QUERY_PERFORMANCE_REPORT": {
      "create_report": true,
      "sync_mode": "WRITE_APPEND",
      "args": {
        "reportOptions": {
          "reportPeriod": "MONTH",
          "asin": "B0CL6Q4TTG"
        },
        "dataStartTime": "2025-03-01",
        "dataEndTime": "2025-03-31"
      }
    }
  }
}