{
  "sponsored_products": [
    {
      "name": "sp_advertised_product",
      "configuration": {
        "adProduct": "SPONSORED_PRODUCTS",
        "reportTypeId": "spAdvertisedProduct",
        "format": "GZIP_JSON",
        "groupBy": [
          "advertiser"
        ],
        "timeUnit": "SUMMARY",
        "columns": [
          "startDate",
          "endDate",
          "campaignName",
          "campaignId",
          "adGroupName",
          "adGroupId",
          "adId",
          "addToList",
          "qualifiedBorrows",
          "royaltyQualifiedBorrows",
          "portfolioId",
          "impressions",
          "clicks",
          "costPerClick",
          "clickThroughRate",
          "cost",
          "spend",
          "campaignBudgetCurrencyCode",
          "campaignBudgetAmount",
          "campaignBudgetType",
          "campaignStatus",
          "advertisedAsin",
          "advertisedSku",
          "purchases1d",
          "purchases7d",
          "purchases14d",
          "purchases30d",
          "purchasesSameSku1d",
          "purchasesSameSku7d",
          "purchasesSameSku14d",
          "purchasesSameSku30d",
          "unitsSoldClicks1d",
          "unitsSoldClicks7d",
          "unitsSoldClicks14d",
          "unitsSoldClicks30d",
          "sales1d",
          "sales7d",
          "sales14d",
          "sales30d",
          "attributedSalesSameSku1d",
          "attributedSalesSameSku7d",
          "attributedSalesSameSku14d",
          "attributedSalesSameSku30d",
          "salesOtherSku7d",
          "unitsSoldSameSku1d",
          "unitsSoldSameSku7d",
          "unitsSoldSameSku14d",
          "unitsSoldSameSku30d",
          "unitsSoldOtherSku7d",
          "kindleEditionNormalizedPagesRead14d",
          "kindleEditionNormalizedPagesRoyalties14d",
          "acosClicks7d",
          "acosClicks14d",
          "roasClicks7d",
          "roasClicks14d"
        ]
      }
    },
    {
      "name": "sp_campaign",
      "configuration": {
        "adProduct": "SPONSORED_PRODUCTS",
        "reportTypeId": "spCampaigns",
        "format": "GZIP_JSON",
        "groupBy": [
          "campaign",
          "adGroup"
        ],
        "timeUnit": "SUMMARY",
        "columns": [
          "impressions",
          "addToList",
          "qualifiedBorrows",
          "royaltyQualifiedBorrows",
          "clicks",
          "cost",
          "purchases1d",
          "purchases7d",
          "purchases14d",
          "purchases30d",
          "purchasesSameSku1d",
          "purchasesSameSku7d",
          "purchasesSameSku14d",
          "purchasesSameSku30d",
          "unitsSoldClicks1d",
          "unitsSoldClicks7d",
          "unitsSoldClicks14d",
          "unitsSoldClicks30d",
          "sales1d",
          "sales7d",
          "sales14d",
          "sales30d",
          "attributedSalesSameSku1d",
          "attributedSalesSameSku7d",
          "attributedSalesSameSku14d",
          "attributedSalesSameSku30d",
          "unitsSoldSameSku1d",
          "unitsSoldSameSku7d",
          "unitsSoldSameSku14d",
          "unitsSoldSameSku30d",
          "kindleEditionNormalizedPagesRead14d",
          "kindleEditionNormalizedPagesRoyalties14d",
          "startDate",
          "endDate",
          "campaignBiddingStrategy",
          "costPerClick",
          "clickThroughRate",
          "spend",
          "campaignName",
          "campaignId",
          "campaignStatus",
          "campaignBudgetAmount",
          "campaignBudgetType",
          "campaignRuleBasedBudgetAmount",
          "campaignApplicableBudgetRuleId",
          "campaignApplicableBudgetRuleName",
          "campaignBudgetCurrencyCode",
          "adGroupName",
          "adGroupId",
          "adStatus"
        ]
      }
    },
    {
      "name": "sp_purchased_product",
      "configuration": {
        "adProduct": "SPONSORED_PRODUCTS",
        "reportTypeId": "spPurchasedProduct",
        "format": "GZIP_JSON",
        "groupBy": [
          "asin"
        ],
        "timeUnit": "SUMMARY",
        "columns": [
          "startDate",
          "endDate",
          "addToList",
          "royaltyQualifiedBorrows",
          "portfolioId",
          "campaignName",
          "campaignId",
          "adGroupName",
          "adGroupId",
          "keywordId",
          "keyword",
          "keywordType",
          "advertisedAsin",
          "purchasedAsin",
          "advertisedSku",
          "campaignBudgetCurrencyCode",
          "matchType",
          "unitsSoldClicks1d",
          "unitsSoldClicks7d",
          "unitsSoldClicks14d",
          "unitsSoldClicks30d",
          "sales1d",
          "sales7d",
          "sales14d",
          "sales30d",
          "purchases1d",
          "purchases7d",
          "purchases14d",
          "purchases30d",
          "unitsSoldOtherSku1d",
          "unitsSoldOtherSku7d",
          "unitsSoldOtherSku14d",
          "unitsSoldOtherSku30d",
          "salesOtherSku1d",
          "salesOtherSku7d",
          "salesOtherSku14d",
          "salesOtherSku30d",
          "purchasesOtherSku1d",
          "purchasesOtherSku7d",
          "purchasesOtherSku14d",
          "purchasesOtherSku30d",
          "kindleEditionNormalizedPagesRead14d",
          "kindleEditionNormalizedPagesRoyalties14d"
        ]
      }
    },
    {
      "name": "sp_targeting",
      "configuration": {
        "adProduct": "SPONSORED_PRODUCTS",
        "reportTypeId": "spTargeting",
        "format": "GZIP_JSON",
        "groupBy": [
          "targeting"
        ],
        "timeUnit": "SUMMARY",
        "columns": [
          "impressions",
          "addToList",
          "qualifiedBorrows",
          "royaltyQualifiedBorrows",
          "clicks",
          "costPerClick",
          "clickThroughRate",
          "cost",
          "purchases1d",
          "purchases7d",
          "purchases14d",
          "purchases30d",
          "purchasesSameSku1d",
          "purchasesSameSku7d",
          "purchasesSameSku14d",
          "purchasesSameSku30d",
          "unitsSoldClicks1d",
          "unitsSoldClicks7d",
          "unitsSoldClicks14d",
          "unitsSoldClicks30d",
          "sales1d",
          "sales7d",
          "sales14d",
          "sales30d",
          "attributedSalesSameSku1d",
          "attributedSalesSameSku7d",
          "attributedSalesSameSku14d",
          "attributedSalesSameSku30d",
          "unitsSoldSameSku1d",
          "unitsSoldSameSku7d",
          "unitsSoldSameSku14d",
          "unitsSoldSameSku30d",
          "kindleEditionNormalizedPagesRead14d",
          "kindleEditionNormalizedPagesRoyalties14d",
          "salesOtherSku7d",
          "unitsSoldOtherSku7d",
          "acosClicks7d",
          "acosClicks14d",
          "roasClicks7d",
          "roasClicks14d",
          "keywordId",
          "keyword",
          "campaignBudgetCurrencyCode",
          "startDate",
          "endDate",
          "portfolioId",
          "campaignName",
          "campaignId",
          "campaignBudgetType",
          "campaignBudgetAmount",
          "campaignStatus",
          "keywordBid",
          "adGroupName",
          "adGroupId",
          "keywordType",
          "matchType",
          "targeting",
          "topOfSearchImpressionShare"
        ]
      }
    },
    {
      "name": "sp_search_term",
      "configuration": {
        "adProduct": "SPONSORED_PRODUCTS",
        "reportTypeId": "spSearchTerm",
        "format": "GZIP_JSON",
        "groupBy": [
          "searchTerm"
        ],
        "timeUnit": "SUMMARY",
        "columns": [
          "impressions",
          "addToList",
          "qualifiedBorrows",
          "royaltyQualifiedBorrows",
          "clicks",
          "costPerClick",
          "clickThroughRate",
          "cost",
          "purchases1d",
          "purchases7d",
          "purchases14d",
          "purchases30d",
          "purchasesSameSku1d",
          "purchasesSameSku7d",
          "purchasesSameSku14d",
          "purchasesSameSku30d",
          "unitsSoldClicks1d",
          "unitsSoldClicks7d",
          "unitsSoldClicks14d",
          "unitsSoldClicks30d",
          "sales1d",
          "sales7d",
          "sales14d",
          "sales30d",
          "attributedSalesSameSku1d",
          "attributedSalesSameSku7d",
          "attributedSalesSameSku14d",
          "attributedSalesSameSku30d",
          "unitsSoldSameSku1d",
          "unitsSoldSameSku7d",
          "unitsSoldSameSku14d",
          "unitsSoldSameSku30d",
          "kindleEditionNormalizedPagesRead14d",
          "kindleEditionNormalizedPagesRoyalties14d",
          "salesOtherSku7d",
          "unitsSoldOtherSku7d",
          "acosClicks7d",
          "acosClicks14d",
          "roasClicks7d",
          "roasClicks14d",
          "keywordId",
          "keyword",
          "campaignBudgetCurrencyCode",
          "startDate",
          "endDate",
          "portfolioId",
          "searchTerm",
          "campaignName",
          "campaignId",
          "campaignBudgetType",
          "campaignBudgetAmount",
          "campaignStatus",
          "keywordBid",
          "adGroupName",
          "adGroupId",
          "keywordType",
          "matchType",
          "targeting",
          "adKeywordStatus"
        ]
      }
    },
    {
      "name": "sp_traffic",
      "configuration": {
        "adProduct": "SPONSORED_PRODUCTS",
        "reportTypeId": "spGrossAndInvalids",
        "format": "GZIP_JSON",
        "groupBy": [
          "campaign"
        ],
        "timeUnit": "SUMMARY",
        "columns": [
          "campaignName",
          "campaignStatus",
          "clicks",
          "endDate",
          "grossClickThroughs",
          "grossImpressions",
          "impressions",
          "invalidClickThroughRate",
          "invalidClickThroughs",
          "invalidImpressionRate",
          "invalidImpressions",
          "startDate"
        ]
      }
    }
  ],
  "sponsored_brands": [
    {
      "name": "sb_ads",
      "configuration": {
        "adProduct": "SPONSORED_BRANDS",
        "reportTypeId": "sbAds",
        "format": "GZIP_JSON",
        "groupBy": [
          "ads"
        ],
        "timeUnit": "SUMMARY",
        "columns": [
          "addToCart",
          "addToCartClicks",
          "addToCartRate",
          "addToList",
          "qualifiedBorrows",
          "royaltyQualifiedBorrows",
          "addToListFromClicks",
          "qualifiedBorrowsFromClicks",
          "royaltyQualifiedBorrowsFromClicks",
          "adGroupId",
          "adGroupName",
          "adId",
          "brandedSearches",
          "brandedSearchesClicks",
          "campaignBudgetAmount",
          "campaignBudgetCurrencyCode",
          "campaignBudgetType",
          "campaignId",
          "campaignName",
          "campaignStatus",
          "clicks",
          "cost",
          "costType",
          "detailPageViews",
          "detailPageViewsClicks",
          "eCPAddToCart",
          "endDate",
          "impressions",
          "kindleEditionNormalizedPagesRead14d",
          "kindleEditionNormalizedPagesRoyalties14d",
          "newToBrandDetailPageViewRate",
          "newToBrandDetailPageViews",
          "newToBrandDetailPageViewsClicks",
          "newToBrandECPDetailPageView",
          "newToBrandPurchases",
          "newToBrandPurchasesClicks",
          "newToBrandPurchasesPercentage",
          "newToBrandPurchasesRate",
          "newToBrandSales",
          "newToBrandSalesClicks",
          "newToBrandSalesPercentage",
          "newToBrandUnitsSold",
          "newToBrandUnitsSoldClicks",
          "newToBrandUnitsSoldPercentage",
          "purchases",
          "purchasesClicks",
          "purchasesPromoted",
          "sales",
          "salesClicks",
          "salesPromoted",
          "startDate",
          "unitsSold",
          "unitsSoldClicks",
          "video5SecondViewRate",
          "video5SecondViews",
          "videoCompleteViews",
          "videoFirstQuartileViews",
          "videoMidpointViews",
          "videoThirdQuartileViews",
          "videoUnmutes",
          "viewabilityRate",
          "viewableImpressions"
        ]
      }
    },
    {
      "name": "sb_ad_group",
      "configuration": {
        "adProduct": "SPONSORED_BRANDS",
        "reportTypeId": "sbAdGroup",
        "format": "GZIP_JSON",
        "groupBy": [
          "adGroup"
        ],
        "timeUnit": "SUMMARY",
        "columns": [
          "addToCart",
          "addToCartClicks",
          "addToCartRate",
          "adGroupId",
          "adGroupName",
          "adStatus",
          "addToList",
          "addToListFromClicks",
          "qualifiedBorrows",
          "qualifiedBorrowsFromClicks",
          "royaltyQualifiedBorrows",
          "royaltyQualifiedBorrowsFromClicks",
          "brandedSearches",
          "brandedSearchesClicks",
          "campaignBudgetAmount",
          "campaignBudgetCurrencyCode",
          "campaignBudgetType",
          "campaignId",
          "campaignName",
          "campaignStatus",
          "clicks",
          "cost",
          "costType",
          "detailPageViews",
          "detailPageViewsClicks",
          "eCPAddToCart",
          "endDate",
          "impressions",
          "kindleEditionNormalizedPagesRead14d",
          "kindleEditionNormalizedPagesRoyalties14d",
          "newToBrandDetailPageViewRate",
          "newToBrandDetailPageViews",
          "newToBrandDetailPageViewsClicks",
          "newToBrandECPDetailPageView",
          "newToBrandPurchases",
          "newToBrandPurchasesClicks",
          "newToBrandPurchasesPercentage",
          "newToBrandPurchasesRate",
          "newToBrandSales",
          "newToBrandSalesClicks",
          "newToBrandSalesPercentage",
          "newToBrandUnitsSold",
          "newToBrandUnitsSoldClicks",
          "newToBrandUnitsSoldPercentage",
          "purchases",
          "purchasesClicks",
          "purchasesPromoted",
          "sales",
          "salesClicks",
          "salesPromoted",
          "startDate",
          "unitsSold",
          "unitsSoldClicks",
          "video5SecondViewRate",
          "video5SecondViews",
          "videoCompleteViews",
          "videoFirstQuartileViews",
          "videoMidpointViews",
          "videoThirdQuartileViews",
          "videoUnmutes",
          "viewabilityRate"
        ]
      }
    },
    {
      "name": "sb_campaign",
      "configuration": {
        "adProduct": "SPONSORED_BRANDS",
        "reportTypeId": "sbCampaigns",
        "format": "GZIP_JSON",
        "groupBy": [
          "campaign"
        ],
        "timeUnit": "SUMMARY",
        "columns": [
          "addToCart",
          "addToCartClicks",
          "addToCartRate",
          "addToList",
          "addToListFromClicks",
          "qualifiedBorrows",
          "qualifiedBorrowsFromClicks",
          "royaltyQualifiedBorrows",
          "royaltyQualifiedBorrowsFromClicks",
          "brandedSearches",
          "brandedSearchesClicks",
          "campaignBudgetAmount",
          "campaignBudgetCurrencyCode",
          "campaignBudgetType",
          "campaignId",
          "campaignName",
          "campaignStatus",
          "clicks",
          "cost",
          "costType",
          "detailPageViews",
          "detailPageViewsClicks",
          "eCPAddToCart",
          "endDate",
          "impressions",
          "kindleEditionNormalizedPagesRead14d",
          "kindleEditionNormalizedPagesRoyalties14d",
          "newToBrandDetailPageViewRate",
          "newToBrandDetailPageViews",
          "newToBrandDetailPageViewsClicks",
          "newToBrandECPDetailPageView",
          "newToBrandPurchases",
          "newToBrandPurchasesClicks",
          "newToBrandPurchasesPercentage",
          "newToBrandPurchasesRate",
          "newToBrandSales",
          "newToBrandSalesClicks",
          "newToBrandSalesPercentage",
          "newToBrandUnitsSold",
          "newToBrandUnitsSoldClicks",
          "newToBrandUnitsSoldPercentage",
          "purchases",
          "purchasesClicks",
          "purchasesPromoted",
          "sales",
          "salesClicks",
          "salesPromoted",
          "startDate",
          "topOfSearchImpressionShare",
          "unitsSold",
          "unitsSoldClicks",
          "video5SecondViewRate",
          "video5SecondViews",
          "videoCompleteViews",
          "videoFirstQuartileViews",
          "videoMidpointViews",
          "videoThirdQuartileViews",
          "videoUnmutes",
          "viewabilityRate",
          "viewableImpressions",
          "viewClickThroughRate",
          "longTermSales",
          "longTermROAS"
        ]
      }
    },
    {
      "name": "sb_traffic",
      "configuration": {
        "adProduct": "SPONSORED_BRANDS",
        "reportTypeId": "sbGrossAndInvalids",
        "format": "GZIP_JSON",
        "groupBy": [
          "campaign"
        ],
        "timeUnit": "SUMMARY",
        "columns": [
          "campaignName",
          "campaignStatus",
          "clicks",
          "endDate",
          "grossClickThroughs",
          "grossImpressions",
          "impressions",
          "invalidClickThroughRate",
          "invalidClickThroughs",
          "invalidImpressionRate",
          "invalidImpressions",
          "startDate"
        ]
      }
    },
    {
      "name": "sb_placement",
      "configuration": {
        "adProduct": "SPONSORED_BRANDS",
        "reportTypeId": "sbCampaignPlacement",
        "format": "GZIP_JSON",
        "groupBy": [
          "campaignPlacement"
        ],
        "timeUnit": "SUMMARY",
        "columns": [
          "addToCart",
          "addToCartClicks",
          "addToCartRate",
          "addToList",
          "addToListFromClicks",
          "qualifiedBorrows",
          "qualifiedBorrowsFromClicks",
          "royaltyQualifiedBorrows",
          "royaltyQualifiedBorrowsFromClicks",
          "brandedSearches",
          "brandedSearchesClicks",
          "campaignBudgetAmount",
          "campaignBudgetCurrencyCode",
          "campaignBudgetType",
          "campaignId",
          "campaignName",
          "campaignStatus",
          "clicks",
          "cost",
          "costType",
          "detailPageViews",
          "detailPageViewsClicks",
          "eCPAddToCart",
          "endDate",
          "impressions",
          "kindleEditionNormalizedPagesRead14d",
          "kindleEditionNormalizedPagesRoyalties14d",
          "newToBrandDetailPageViewRate",
          "newToBrandDetailPageViews",
          "newToBrandDetailPageViewsClicks",
          "newToBrandECPDetailPageView",
          "newToBrandPurchases",
          "newToBrandPurchasesClicks",
          "newToBrandPurchasesPercentage",
          "newToBrandPurchasesRate",
          "newToBrandSales",
          "newToBrandSalesClicks",
          "newToBrandSalesPercentage",
          "newToBrandUnitsSold",
          "newToBrandUnitsSoldClicks",
          "newToBrandUnitsSoldPercentage",
          "purchases",
          "purchasesClicks",
          "purchasesPromoted",
          "sales",
          "salesClicks",
          "salesPromoted",
          "startDate",
          "unitsSold",
          "unitsSoldClicks",
          "video5SecondViewRate",
          "video5SecondViews",
          "videoCompleteViews",
          "videoFirstQuartileViews",
          "videoMidpointViews",
          "videoThirdQuartileViews",
          "videoUnmutes",
          "viewabilityRate",
          "viewableImpressions",
          "viewClickThroughRate"
        ]
      }
    },
    {
      "name": "sb_purchased_product",
      "configuration": {
        "adProduct": "SPONSORED_BRANDS",
        "reportTypeId": "sbPurchasedProduct",
        "format": "GZIP_JSON",
        "groupBy": [
          "purchasedAsin"
        ],
        "timeUnit": "SUMMARY",
        "columns": [
          "campaignId",
          "adGroupId",
          "startDate",
          "endDate",
          "campaignBudgetCurrencyCode",
          "campaignName",
          "campaignPriceTypeCode",
          "adGroupName",
          "attributionType",
          "purchasedAsin",
          "ordersClicks14d",
          "productName",
          "productCategory",
          "sales14d",
          "salesClicks14d",
          "orders14d",
          "unitsSold14d",
          "newToBrandSales14d",
          "newToBrandPurchases14d",
          "newToBrandUnitsSold14d",
          "newToBrandSalesPercentage14d",
          "newToBrandPurchasesPercentage14d",
          "newToBrandUnitsSoldPercentage14d",
          "unitsSoldClicks14d",
          "kindleEditionNormalizedPagesRead14d",
          "kindleEditionNormalizedPagesRoyalties14d"
        ]
      }
    },
    {
      "name": "sb_search_term",
      "configuration": {
        "adProduct": "SPONSORED_BRANDS",
        "reportTypeId": "sbSearchTerm",
        "format": "GZIP_JSON",
        "groupBy": [
          "searchTerm"
        ],
        "timeUnit": "SUMMARY",
        "columns": [
          "adGroupId",
          "adGroupName",
          "addToList",
          "addToListFromClicks",
          "qualifiedBorrows",
          "qualifiedBorrowsFromClicks",
          "royaltyQualifiedBorrows",
          "royaltyQualifiedBorrowsFromClicks",
          "campaignBudgetAmount",
          "campaignBudgetCurrencyCode",
          "campaignBudgetType",
          "campaignId",
          "campaignName",
          "campaignStatus",
          "clicks",
          "cost",
          "costType",
          "endDate",
          "impressions",
          "keywordBid",
          "keywordId",
          "keywordText",
          "kindleEditionNormalizedPagesRead14d",
          "kindleEditionNormalizedPagesRoyalties14d",
          "matchType",
          "purchases",
          "purchasesClicks",
          "sales",
          "salesClicks",
          "searchTerm",
          "startDate",
          "unitsSold",
          "video5SecondViewRate",
          "video5SecondViews",
          "videoCompleteViews",
          "videoFirstQuartileViews",
          "videoMidpointViews",
          "videoThirdQuartileViews",
          "videoUnmutes",
          "viewabilityRate",
          "viewableImpressions",
          "viewClickThroughRate",
          "adKeywordStatus"
        ]
      }
    },
    {
      "name": "sb_targeting",
      "configuration": {
        "adProduct": "SPONSORED_BRANDS",
        "reportTypeId": "sbTargeting",
        "format": "GZIP_JSON",
        "groupBy": [
          "targeting"
        ],
        "timeUnit": "SUMMARY",
        "columns": [
          "addToCart",
          "addToCartClicks",
          "addToCartRate",
          "adGroupId",
          "adGroupName",
          "addToList",
          "addToListFromClicks",
          "qualifiedBorrows",
          "qualifiedBorrowsFromClicks",
          "royaltyQualifiedBorrows",
          "royaltyQualifiedBorrowsFromClicks",
          "brandedSearches",
          "brandedSearchesClicks",
          "campaignBudgetAmount",
          "campaignBudgetCurrencyCode",
          "campaignBudgetType",
          "campaignId",
          "campaignName",
          "campaignStatus",
          "clicks",
          "cost",
          "costType",
          "detailPageViews",
          "detailPageViewsClicks",
          "eCPAddToCart",
          "endDate",
          "impressions",
          "keywordBid",
          "keywordId",
          "adKeywordStatus",
          "keywordText",
          "keywordType",
          "matchType",
          "newToBrandDetailPageViewRate",
          "newToBrandDetailPageViews",
          "newToBrandDetailPageViewsClicks",
          "newToBrandECPDetailPageView",
          "newToBrandPurchases",
          "newToBrandPurchasesClicks",
          "newToBrandPurchasesPercentage",
          "newToBrandPurchasesRate",
          "newToBrandSales",
          "newToBrandSalesClicks",
          "newToBrandSalesPercentage",
          "newToBrandUnitsSold",
          "newToBrandUnitsSoldClicks",
          "newToBrandUnitsSoldPercentage",
          "purchases",
          "purchasesClicks",
          "purchasesPromoted",
          "sales",
          "salesClicks",
          "salesPromoted",
          "startDate",
          "targetingExpression",
          "targetingId",
          "targetingText",
          "targetingType",
          "topOfSearchImpressionShare",
          "unitsSold"
        ]
      }
    }
  ],
  "sponsored_display": [
    {
      "name": "sd_ad_group",
      "configuration": {
        "adProduct": "SPONSORED_DISPLAY",
        "reportTypeId": "sdAdGroup",
        "format": "GZIP_JSON",
        "groupBy": [
          "adGroup"
        ],
        "timeUnit": "SUMMARY",
        "columns": [
          "addToCart",
          "addToCartClicks",
          "addToCartRate",
          "addToCartViews",
          "adGroupId",
          "adGroupName",
          "addToList",
          "addToListFromClicks",
          "addToListFromViews",
          "qualifiedBorrows",
          "qualifiedBorrowsFromClicks",
          "qualifiedBorrowsFromViews",
          "royaltyQualifiedBorrows",
          "royaltyQualifiedBorrowsFromClicks",
          "royaltyQualifiedBorrowsFromViews",
          "bidOptimization",
          "brandedSearches",
          "brandedSearchesClicks",
          "brandedSearchesViews",
          "brandedSearchRate",
          "campaignBudgetCurrencyCode",
          "campaignId",
          "campaignName",
          "clicks",
          "cost",
          "cumulativeReach",
          "detailPageViews",
          "detailPageViewsClicks",
          "eCPAddToCart",
          "eCPBrandSearch",
          "endDate",
          "impressions",
          "impressionsViews",
          "newToBrandPurchases",
          "newToBrandPurchasesClicks",
          "newToBrandSales",
          "newToBrandSalesClicks",
          "newToBrandUnitsSold",
          "newToBrandUnitsSoldClicks",
          "purchases",
          "purchasesClicks",
          "purchasesPromotedClicks",
          "sales",
          "salesClicks",
          "salesPromotedClicks",
          "startDate",
          "unitsSold",
          "unitsSoldClicks",
          "videoCompleteViews",
          "videoFirstQuartileViews",
          "videoMidpointViews",
          "videoThirdQuartileViews",
          "videoUnmutes",
          "viewabilityRate",
          "viewClickThroughRate",
          "impressionsFrequencyAverage",
          "newToBrandDetailPageViewClicks",
          "newToBrandDetailPageViewRate",
          "newToBrandDetailPageViews",
          "newToBrandDetailPageViewViews",
          "newToBrandECPDetailPageView"
        ]
      }
    },
    {
      "name": "sd_advertised_product",
      "configuration": {
        "adProduct": "SPONSORED_DISPLAY",
        "reportTypeId": "sdAdvertisedProduct",
        "format": "GZIP_JSON",
        "groupBy": [
          "advertiser"
        ],
        "timeUnit": "SUMMARY",
        "columns": [
          "addToCart",
          "addToCartRate",
          "addToCartViews",
          "addToCartClicks",
          "adGroupId",
          "adGroupName",
          "adId",
          "addToList",
          "addToListFromClicks",
          "qualifiedBorrows",
          "royaltyQualifiedBorrows",
          "addToListFromViews",
          "qualifiedBorrowsFromClicks",
          "qualifiedBorrowsFromViews",
          "royaltyQualifiedBorrowsFromClicks",
          "royaltyQualifiedBorrowsFromViews",
          "bidOptimization",
          "brandedSearches",
          "brandedSearchesClicks",
          "brandedSearchesViews",
          "brandedSearchRate",
          "campaignBudgetCurrencyCode",
          "campaignId",
          "campaignName",
          "clicks",
          "cost",
          "cumulativeReach",
          "detailPageViews",
          "detailPageViewsClicks",
          "eCPAddToCart",
          "eCPBrandSearch",
          "endDate",
          "impressions",
          "impressionsFrequencyAverage",
          "impressionsViews",
          "newToBrandDetailPageViewClicks",
          "newToBrandDetailPageViewRate",
          "newToBrandDetailPageViews",
          "newToBrandDetailPageViewViews",
          "newToBrandECPDetailPageView",
          "newToBrandPurchases",
          "newToBrandPurchasesClicks",
          "newToBrandSales",
          "newToBrandSalesClicks",
          "newToBrandUnitsSold",
          "newToBrandUnitsSoldClicks",
          "promotedAsin",
          "promotedSku",
          "purchases",
          "purchasesClicks",
          "purchasesPromotedClicks",
          "sales",
          "salesClicks",
          "salesPromotedClicks",
          "startDate",
          "unitsSold",
          "unitsSoldClicks",
          "videoCompleteViews",
          "videoFirstQuartileViews",
          "videoMidpointViews",
          "videoThirdQuartileViews",
          "videoUnmutes",
          "viewabilityRate",
          "viewClickThroughRate"
        ]
      }
    },
    {
      "name": "sd_campaign",
      "configuration": {
        "adProduct": "SPONSORED_DISPLAY",
        "reportTypeId": "sdCampaigns",
        "format": "GZIP_JSON",
        "groupBy": [
          "campaign"
        ],
        "timeUnit": "SUMMARY",
        "columns": [
          "addToCart",
          "addToCartClicks",
          "addToCartRate",
          "addToCartViews",
          "addToList",
          "addToListFromClicks",
          "addToListFromViews",
          "qualifiedBorrows",
          "qualifiedBorrowsFromClicks",
          "qualifiedBorrowsFromViews",
          "royaltyQualifiedBorrows",
          "royaltyQualifiedBorrowsFromClicks",
          "royaltyQualifiedBorrowsFromViews",
          "brandedSearches",
          "brandedSearchesClicks",
          "brandedSearchesViews",
          "brandedSearchRate",
          "campaignBudgetCurrencyCode",
          "campaignId",
          "campaignName",
          "clicks",
          "cost",
          "detailPageViews",
          "detailPageViewsClicks",
          "eCPAddToCart",
          "eCPBrandSearch",
          "endDate",
          "impressions",
          "impressionsViews",
          "newToBrandPurchases",
          "newToBrandPurchasesClicks",
          "newToBrandSalesClicks",
          "newToBrandUnitsSold",
          "newToBrandUnitsSoldClicks",
          "purchases",
          "purchasesClicks",
          "purchasesPromotedClicks",
          "sales",
          "salesClicks",
          "salesPromotedClicks",
          "startDate",
          "unitsSold",
          "unitsSoldClicks",
          "videoCompleteViews",
          "videoFirstQuartileViews",
          "videoMidpointViews",
          "videoThirdQuartileViews",
          "videoUnmutes",
          "viewabilityRate",
          "viewClickThroughRate",
          "campaignBudgetAmount",
          "campaignStatus",
          "costType",
          "cumulativeReach",
          "impressionsFrequencyAverage",
          "longTermSales",
          "longTermROAS",
          "newToBrandDetailPageViewClicks",
          "newToBrandDetailPageViewRate",
          "newToBrandDetailPageViews",
          "newToBrandDetailPageViewViews",
          "newToBrandECPDetailPageView",
          "newToBrandSales"
        ]
      }
    },
    {
      "name": "sd_traffic",
      "configuration": {
        "adProduct": "SPONSORED_DISPLAY",
        "reportTypeId": "sdGrossAndInvalids",
        "format": "GZIP_JSON",
        "groupBy": [
          "campaign"
        ],
        "timeUnit": "SUMMARY",
        "columns": [
          "campaignName",
          "campaignStatus",
          "clicks",
          "endDate",
          "grossClickThroughs",
          "grossImpressions",
          "impressions",
          "invalidClickThroughRate",
          "invalidClickThroughs",
          "invalidImpressionRate",
          "invalidImpressions",
          "startDate"
        ]
      }
    },
    {
      "name": "sd_purchased_product",
      "configuration": {
        "adProduct": "SPONSORED_DISPLAY",
        "reportTypeId": "sdPurchasedProduct",
        "format": "GZIP_JSON",
        "groupBy": [
          "asin"
        ],
        "timeUnit": "SUMMARY",
        "columns": [
          "adGroupId",
          "adGroupName",
          "asinBrandHalo",
          "addToList",
          "addToListFromClicks",
          "qualifiedBorrowsFromClicks",
          "royaltyQualifiedBorrowsFromClicks",
          "addToListFromViews",
          "qualifiedBorrows",
          "qualifiedBorrowsFromViews",
          "royaltyQualifiedBorrows",
          "royaltyQualifiedBorrowsFromViews",
          "campaignBudgetCurrencyCode",
          "campaignId",
          "campaignName",
          "conversionsBrandHalo",
          "conversionsBrandHaloClicks",
          "endDate",
          "promotedAsin",
          "promotedSku",
          "salesBrandHalo",
          "salesBrandHaloClicks",
          "startDate",
          "unitsSoldBrandHalo",
          "unitsSoldBrandHaloClicks"
        ]
      }
    },
    {
      "name": "sd_targeting",
      "configuration": {
        "adProduct": "SPONSORED_DISPLAY",
        "reportTypeId": "sdTargeting",
        "format": "GZIP_JSON",
        "groupBy": [
          "targeting"
        ],
        "timeUnit": "SUMMARY",
        "columns": [
          "addToCart",
          "addToCartClicks",
          "addToCartRate",
          "addToCartViews",
          "adGroupId",
          "adGroupName",
          "addToList",
          "addToListFromClicks",
          "addToListFromViews",
          "qualifiedBorrows",
          "qualifiedBorrowsFromClicks",
          "qualifiedBorrowsFromViews",
          "royaltyQualifiedBorrows",
          "royaltyQualifiedBorrowsFromClicks",
          "royaltyQualifiedBorrowsFromViews",
          "brandedSearches",
          "brandedSearchesClicks",
          "brandedSearchesViews",
          "brandedSearchRate",
          "campaignBudgetCurrencyCode",
          "campaignId",
          "campaignName",
          "clicks",
          "cost",
          "detailPageViews",
          "detailPageViewsClicks",
          "eCPAddToCart",
          "eCPBrandSearch",
          "endDate",
          "impressions",
          "impressionsViews",
          "newToBrandPurchases",
          "newToBrandPurchasesClicks",
          "newToBrandSales",
          "newToBrandSalesClicks",
          "newToBrandUnitsSold",
          "newToBrandUnitsSoldClicks",
          "purchases",
          "purchasesClicks",
          "purchasesPromotedClicks",
          "sales",
          "salesClicks",
          "salesPromotedClicks",
          "startDate",
          "targetingExpression",
          "targetingId",
          "targetingText",
          "unitsSold",
          "unitsSoldClicks",
          "videoCompleteViews",
          "videoFirstQuartileViews",
          "videoMidpointViews",
          "videoThirdQuartileViews",
          "videoUnmutes",
          "viewabilityRate",
          "viewClickThroughRate",
          "adKeywordStatus",
          "newToBrandDetailPageViewClicks",
          "newToBrandDetailPageViewRate",
          "newToBrandDetailPageViews",
          "newToBrandDetailPageViewViews",
          "newToBrandECPDetailPageView"
        ]
      }
    }
  ]
}