[
  {
    "asin": "B0DQLDKSDD",
    "project_id": "51998"
  },
  {
    "asin": "B0DQLG1YPB",
    "project_id": "51943"
  },
  {
    "asin": "B09YDL2TK6",
    "project_id": "47375"
  },
  {
    "asin": "B0B7XBCYPC",
    "project_id": "47374"
  },
  {
    "asin": "B0CKBRJ9SV",
    "project_id": "47056"
  },
  {
    "asin": "B0FMY7PLD4",
    "project_id": "45216"
  },
  {
    "asin": "B0D91X2F3N",
    "project_id": "42530"
  },
  {
    "asin": "B0FDKVL8WX",
    "project_id": "42529"
  },
  {
    "asin": "B0D949QYHV",
    "project_id": "42528"
  },
  {
    "asin": "B0D8JLC897",
    "project_id": "42527"
  },
  {
    "asin": "B0D91Z1XYL",
    "project_id": "42526"
  },
  {
    "asin": "B0D4QNHCLN",
    "project_id": "42511"
  }
]
