{
  "174368": {
    "15.02.2023": {
      "old_asin": "B0949F13VX",
      "new_asin": "B0BVW86MNM"
    },
    "29.06.2023": {
      "old_asin": "B0BVW86MNM",
      "new_asin": "B0C9Q15TMQ"
    },
    "12.06.2025": {
      "old_asin": "B0C9Q15TMQ",
      "new_asin": "B0FCYG6HQT"
    }
  },
  "754-0497": {
    "20.03.2023": {
      "old_asin": "B0BHKZ42XZ",
      "new_asin": "B0BYZRTP4Y"
    },
    "26.05.2025": {
      "old_asin": "B0BYZRTP4Y",
      "new_asin": "B0F9X3MN3D"
    }
  },
  "954-0461": {
    "21.03.2023": {
      "old_asin": "B0BHL5K1NM",
      "new_asin": "B0BZ4JZCKV"
    }
  },
  "954-04207": {
    "21.03.2023": {
      "old_asin": "B0BHL3MKLL",
      "new_asin": "B0BZ4GC3ZX"
    }
  },
  "144200": {
    "21.03.2023": {
      "old_asin": "B0BHKVBM6D",
      "new_asin": "B0BZ4H6H3Z"
    }
  },
  "138255": {
    "30.03.2023": {
      "old_asin": "B0BHM7K7XW",
      "new_asin": "B0BZZB1MJ2"
    }
  },
  "954-05021": {
    "18.04.2023": {
      "old_asin": "B0BHMB879B",
      "new_asin": "B0BZ4WTVJP"
    }
  },
  "M154157": {
    "18.04.2023": {
      "old_asin": "B0BHKPCSB4",
      "new_asin": "B0C2VDG4YM"
    }
  },
  "119-8819": {
    "29.03.2023": {
      "old_asin": "B0BHMBBW88",
      "new_asin": "B0BZVNLWK2"
    }
  },
  "M154294": {
    "18.04.2023": {
      "old_asin": "B0BHM7KHQX",
      "new_asin": "B0C2VLHM5Y"
    }
  },
  "M158131": {
    "24.03.2023": {
      "old_asin": "B0BHM6NJ3W",
      "new_asin": "B0BZJ1R8HB"
    }
  },
  "103-4014": {
    "22.03.2023": {
      "old_asin": "B0BHMB2J3S",
      "new_asin": "B0BZ8BCDYG"
    },
    "29.06.2023": {
      "old_asin": null,
      "new_asin": "B0C9Q1KTMY"
    },
    "20.05.2024": {
      "old_asin": "B0C9Q1KTMY",
      "new_asin": "B0D4MGK8PM"
    },
    "15.07.2025": {
      "old_asin": "B0D4MGK8PM",
      "new_asin": "B0C9MZDV5H"
    }
  },
  "GX21395": {
    "29.03.2023": {
      "old_asin": "B0BHM837BV",
      "new_asin": "B0BZVPVGLK"
    }
  },
  "GX21833": {
    "28.03.2023": {
      "old_asin": "B07XKC6PKH",
      "new_asin": "B0BZS1R73G"
    }
  },
  "754-04240": {
    "04.05.2023": {
      "old_asin": "B08BLRGY82",
      "new_asin": "B0C49NZ4LC"
    },
    "13.07.2023": {
      "old_asin": "B0C49NZ4LC",
      "new_asin": "B0CBRQJXD9"
    },
    "20.05.2024": {
      "old_asin": "B0C49NZ4LC",
      "new_asin": "B0D4MHZFJK"
    },
    "21.07.2025": {
      "old_asin": "B0D4MHZFJK",
      "new_asin": "B0FJ8NDGXB"
    }
  },
  "M124895": {
    "29.06.2023": {
      "old_asin": "B0BZ8BCDYG",
      "new_asin": "B0C9MWNFG1"
    }
  },
  "GX26422": {
    "07.07.2023": {
      "old_asin": "B09XF1ZBJ1",
      "new_asin": "B0CBBRM6DK"
    }
  },
  "197242": {
    "17.07.2023": {
      "old_asin": "B08BLSMB4F",
      "new_asin": "B0CC34PZCT"
    },
    "30.06.2025": {
      "old_asin": "B0CC34PZCT",
      "new_asin": "B0FG2WWW2V"
    }
  },
  "M82612": {
    "09.01.2024": {
      "old_asin": "B0BD63T5JL",
      "new_asin": "B0CRVPB4LP"
    }
  },
  "754-04195": {
    "09.01.2024": {
      "old_asin": "B0BD62NCY2",
      "new_asin": "B0CRVVZSZX"
    }
  },
  "109-8073": {
    "25.03.2024": {
      "old_asin": "B0CL75FQST",
      "new_asin": "B0CZ15DRQZ"
    },
    "22.07.2025": {
      "old_asin": "B0CZ15DRQZ",
      "new_asin": "B0FJG3CS15"
    }
  },
  "618-06980": {
    "25.06.2024": {
      "old_asin": "B0CQ522TPL",
      "new_asin": "B0D7ZYKW16"
    }
  },
  "918-06991": {
    "25.06.2024": {
      "old_asin": "B0CQ51WGX6",
      "new_asin": "B0D7Z8GXX2"
    }
  },
  "746-05124A": {
    "19.07.2024": {
      "old_asin": "B0CPYH4S3J",
      "new_asin": "B0D9QSHJ7G"
    },
    "27.09.2024": {
      "old_asin": "B0D9QSHJ7G",
      "new_asin": "B0DJ3BPB5M"
    },
    "18.06.2025": {
      "old_asin": "B0DJ3BPB5M",
      "new_asin": "B0FDKVT8YJ"
    }
  },
  "405143": {
    "27.08.2024": {
      "old_asin": "B08P2B2979",
      "new_asin": "B0DFHGYNN9"
    }
  },
  "M154621": {
    "08.10.2024": {
      "old_asin": "B0B8L7TWFQ",
      "new_asin": "B0DJNZTT15"
    },
    "22.07.2025": {
      "old_asin": "B0DJNZTT15",
      "new_asin": "B0FJFZCVDC"
    }
  },
  "138497": {
    "21.10.2024": {
      "old_asin": "B0D3V5PRWS",
      "new_asin": "B0DKFWBQ8J"
    }
  },
  "1B4G40X12": {
    "01.05.2025": {
      "old_asin": "B09GG7YYNQ",
      "new_asin": "B0F74NVNYS"
    }
  },
  "1B0G52X17": {
    "17.04.2025": {
      "old_asin": "B09GG7MS2M",
      "new_asin": "B0F5HHKLCN"
    }
  },
  "1B0G55X20": {
    "29.04.2025": {
      "old_asin": "B09GG643V2",
      "new_asin": "B0F6VBZC2Z"
    }
  },
  "1B0G56X21": {
    "29.04.2025": {
      "old_asin": "B09GG96HF2",
      "new_asin": "B0F6V92NBX"
    }
  },
  "1B0G72X23": {
    "29.04.2025": {
      "old_asin": "B09GG8FSDN",
      "new_asin": "B0F6V7SY51"
    }
  },
  "1C0Q68X24": {
    "29.04.2025": {
      "old_asin": "B09GG7ZFHG",
      "new_asin": "B0F6VVFSQM"
    }
  },
  "1B0G33X11-3": {
    "29.04.2025": {
      "old_asin": "B09Y69XWBM",
      "new_asin": "B0F6VRNS99"
    }
  },
  "1B4G40X12-3": {
    "29.04.2025": {
      "old_asin": "B0BHM9CG56",
      "new_asin": "B0F6VQPWRB"
    }
  },
  "1B0Q40X13-3": {
    "29.04.2025": {
      "old_asin": "B09Y6B28GJ",
      "new_asin": "B0F6VXBLRM"
    }
  },
  "1B4G45X14-3": {
    "29.04.2025": {
      "old_asin": "B09Y69M8HH",
      "new_asin": "B0F6VVL3DW"
    }
  },
  "1B4G52X15-3": {
    "29.04.2025": {
      "old_asin": "B0BHMKHNCR",
      "new_asin": "B0F6VTPLM9"
    }
  },
  "1B0G52X17-3": {
    "29.04.2025": {
      "old_asin": "B09Y69BHMX",
      "new_asin": "B0F6XVZFQG"
    }
  },
  "1B4G56X19-3": {
    "29.04.2025": {
      "old_asin": "B09Y67XCFZ",
      "new_asin": "B0F6Y62WCR"
    }
  },
  "1B0G56X21-3": {
    "29.04.2025": {
      "old_asin": "B09Y67G9FC",
      "new_asin": "B0F6WCR23V"
    }
  },
  "1B0G72X23-3": {
    "29.04.2025": {
      "old_asin": "B09Y69P77B",
      "new_asin": "B0F6WCYVJ3"
    }
  },
  "1C3Q81X25-3": {
    "29.04.2025": {
      "old_asin": "B09Y6B27L4",
      "new_asin": "B0F6Y1J58G"
    }
  },
  "8300507": {
    "30.04.2025": {
      "old_asin": "B0CPYFMXS6",
      "new_asin": "B0F6YS4GJM"
    }
  },
  "GY21641": {
    "30.04.2025": {
      "old_asin": "B0CPYH7XC1",
      "new_asin": "B0F6YY3V7J"
    }
  },
  "174883": {
    "26.05.2025": {
      "old_asin": "B0CL6Q6ZKP",
      "new_asin": "B0F9WWXRWY"
    }
  },
  "539109243": {
    "26.05.2025": {
      "old_asin": "B0CL6Z6RX4",
      "new_asin": "B0F9WYDNP6"
    }
  },
  "954-04138": {
    "26.05.2025": {
      "old_asin": "B0CL6QTKR4",
      "new_asin": "B0F9X68RB9"
    }
  },
  "M151649": {
    "26.05.2025": {
      "old_asin": "B0CL6PQ67R",
      "new_asin": "B0F9X3FSK8"
    }
  },
  "M154960": {
    "26.05.2025": {
      "old_asin": "B0CL6RQ9M6",
      "new_asin": "B0F9X6PLZF"
    }
  },
  "041-1470-00": {
    "28.05.2025": {
      "old_asin": "B0CL6QC35Y",
      "new_asin": "B0FB41CH6Q"
    }
  },
  "M144044": {
    "06.06.2025": {
      "old_asin": "B0949KFTHY",
      "new_asin": "B0FC6PR186"
    }
  },
  "754-04033": {
    "06.06.2025": {
      "old_asin": "B0CL6WMV83",
      "new_asin": "B0FC6VJJYW"
    }
  },
  "M126536": {
    "06.06.2025": {
      "old_asin": "B08BLRSF8Y",
      "new_asin": "B0FC6TCP6N"
    }
  },
  "180808": {
    "12.06.2025": {
      "old_asin": "B0CL77Z2M9",
      "new_asin": "B0FCYFWNJX"
    }
  },
  "07200023": {
    "12.06.2025": {
      "old_asin": "B0CL6QN2L8",
      "new_asin": "B0FCYGJL2P"
    }
  },
  "754-04329": {
    "12.06.2025": {
      "old_asin": "B0CL6ZN5DV",
      "new_asin": "B0FCYJB165"
    }
  },
  "GX20305": {
    "12.06.2025": {
      "old_asin": "B07XK9LY4C",
      "new_asin": "B0FCYGT8KC"
    }
  },
  "041-1650-00": {
    "08.07.2025": {
      "old_asin": "B0949GJH33",
      "new_asin": "B0FH2B553R"
    }
  },
  "GY21106": {
    "08.07.2025": {
      "old_asin": "B0CPYFN53W",
      "new_asin": "B0FH2BY552"
    }
  },
  "789388": {
    "15.07.2025": {
      "old_asin": "B0CL6YR3NS",
      "new_asin": "B0FHKXTDVQ"
    }
  },
  "754-04118": {
    "15.07.2025": {
      "old_asin": "B0CL6PLCQY",
      "new_asin": "B0FHL1KJ45"
    }
  },
  "041-1560-00": {
    "21.07.2025": {
      "old_asin": "B0CL6Z7S4L",
      "new_asin": "B0FJ8Q94DP"
    }
  },
  "041-0178-00": {
    "22.07.2025": {
      "old_asin": "B0CL6Q4TTG",
      "new_asin": "B0FJFYR3S5"
    }
  },
  "041-6027-00": {
    "22.07.2025": {
      "old_asin": "B0CL6RWHH5",
      "new_asin": "B0FJFZDJBS"
    }
  },
  "532435110": {
    "05.08.2025": {
      "old_asin": "B0CPYH1KGZ",
      "new_asin": "B0FL94V4W1"
    }
  }
}