{
  "041-1470-00_belt": {
    "asin": "B0FB41CH6Q",
    "periods": [
      "2025-09-27T00:00:00",
      "2025-09-20T00:00:00",
      "2025-09-13T00:00:00",
      "2025-09-06T00:00:00"
    ]
  },
  "041-1560-00_belt": {
    "asin": "B0FJ8Q94DP",
    "periods": [
      "2025-09-27T00:00:00",
      "2025-09-20T00:00:00"
    ]
  },
  "UB-YKRT-8BKH": {
    "asin": "B0FH2B553R",
    "periods": [
      "2025-09-27T00:00:00",
      "2025-09-20T00:00:00",
      "2025-09-13T00:00:00",
      "2025-09-06T00:00:00"
    ]
  },
  "041-4022-00_belt": {
    "asin": "B0CL6QXY7D",
    "periods": [
      "2025-09-27T00:00:00"
    ]
  },
  "041-6027-00_belt": {
    "asin": "B0FJFZDJBS",
    "periods": [
      "2025-09-27T00:00:00",
      "2025-09-20T00:00:00",
      "2025-09-13T00:00:00",
      "2025-09-06T00:00:00"
    ]
  },
  "041-6400-00_belt": {
    "asin": "B0CL6QC2C8",
    "periods": [
      "2025-09-27T00:00:00"
    ]
  },
  "07200023_belt": {
    "asin": "B0FCYGJL2P",
    "periods": [
      "2025-09-27T00:00:00",
      "2025-09-20T00:00:00",
      "2025-09-13T00:00:00",
      "2025-09-06T00:00:00"
    ]
  },
  "GD-74AF-PCL0": {
    "asin": "B0C9MZDV5H",
    "periods": [
      "2025-09-27T00:00:00",
      "2025-09-20T00:00:00",
      "2025-09-13T00:00:00",
      "2025-09-06T00:00:00"
    ]
  },
  "106-2173_belt": {
    "asin": "B0CL6YR3NK",
    "periods": [
      "2025-09-27T00:00:00"
    ]
  },
  "109-8073_belt": {
    "asin": "B0FJG3CS15",
    "periods": [
      "2025-09-27T00:00:00",
      "2025-09-20T00:00:00",
      "2025-09-13T00:00:00",
      "2025-09-06T00:00:00"
    ]
  },
  "110-6871_belt": {
    "asin": "B0CL6PWLN4",
    "periods": [
      "2025-09-27T00:00:00"
    ]
  },
  "110-6892_belt": {
    "asin": "B0CL6QXY6R",
    "periods": [
      "2025-09-27T00:00:00"
    ]
  },
  "115-4669_belt": {
    "asin": "B0CL74K9V6",
    "periods": [
      "2025-09-27T00:00:00"
    ]
  },
  "F4-UDKM-0NCM": {
    "asin": "B0949FTV1N",
    "periods": [
      "2025-09-27T00:00:00"
    ]
  },
  "6F-W2C7-868V": {
    "asin": "B0BZVNLWK2",
    "periods": [
      "2025-09-27T00:00:00"
    ]
  },
  "0J-LX56-YXHA": {
    "asin": "B08BLSHNDJ",
    "periods": [
      "2025-09-27T00:00:00"
    ]
  },
  "G2-IIPU-KZ01": {
    "asin": "B08BLRVS28",
    "periods": [
      "2025-09-27T00:00:00"
    ]
  },
  "FP-SPTJ-A3HV": {
    "asin": "B09XDWCZN1",
    "periods": [
      "2025-09-27T00:00:00"
    ]
  },
  "KB-ZFNY-HEC0": {
    "asin": "B0BZZB1MJ2",
    "periods": [
      "2025-09-27T00:00:00"
    ]
  },
  "AI-8RNK-XB6O": {
    "asin": "B09XDTFX65",
    "periods": [
      "2025-09-27T00:00:00"
    ]
  },
  "CS-LM96-44XR": {
    "asin": "B09XDVX1C2",
    "periods": [
      "2025-09-27T00:00:00"
    ]
  },
  "04-A3F4-7F8O": {
    "asin": "B0BZ4H6H3Z",
    "periods": [
      "2025-09-27T00:00:00"
    ]
  },
  "XQ-TYRD-FXNW": {
    "asin": "B07XGMJCX6",
    "periods": [
      "2025-09-27T00:00:00"
    ]
  },
  "YJ-TI0V-2NTR": {
    "asin": "B0FCYG6HQT",
    "periods": [
      "2025-09-27T00:00:00",
      "2025-09-20T00:00:00",
      "2025-09-13T00:00:00",
      "2025-09-06T00:00:00"
    ]
  },
  "174883_belt": {
    "asin": "B0F9WWXRWY",
    "periods": [
      "2025-09-27T00:00:00",
      "2025-09-20T00:00:00",
      "2025-09-13T00:00:00",
      "2025-09-06T00:00:00"
    ]
  },
  "180808_belt": {
    "asin": "B0FCYFWNJX",
    "periods": [
      "2025-09-27T00:00:00",
      "2025-09-20T00:00:00",
      "2025-09-13T00:00:00",
      "2025-09-06T00:00:00"
    ]
  },
  "194346_belt": {
    "asin": "B0CL75FQVY",
    "periods": [
      "2025-09-27T00:00:00"
    ]
  },
  "FP-164W-2FO8": {
    "asin": "B08BLRHKZS",
    "periods": [
      "2025-09-27T00:00:00"
    ]
  },
  "5N-FNTV-Q8OP": {
    "asin": "B0FG2WWW2V",
    "periods": [
      "2025-09-27T00:00:00",
      "2025-09-20T00:00:00",
      "2025-09-13T00:00:00",
      "2025-09-06T00:00:00"
    ]
  },
  "36-J9BX-KKI2": {
    "asin": "B0949K1453",
    "periods": [
      "2025-09-27T00:00:00"
    ]
  },
  "5K-YBDM-S0OH": {
    "asin": "B07XJ7BJ2W",
    "periods": [
      "2025-09-27T00:00:00"
    ]
  },
  "539109243_belt": {
    "asin": "B0F9WYDNP6",
    "periods": [
      "2025-09-27T00:00:00",
      "2025-09-20T00:00:00",
      "2025-09-13T00:00:00",
      "2025-09-06T00:00:00"
    ]
  },
  "VK-3WZZ-L41G": {
    "asin": "B08BLT1GM7",
    "periods": [
      "2025-09-27T00:00:00"
    ]
  },
  "AL-N0C3-1S0R": {
    "asin": "B0949KL2TT",
    "periods": [
      "2025-09-27T00:00:00"
    ]
  },
  "604817_belt": {
    "asin": "B0FQVC4KBT",
    "periods": [
      "2025-09-27T00:00:00",
      "2025-09-20T00:00:00"
    ]
  },
  "2H-2NXI-SW37": {
    "asin": "B08P296D82",
    "periods": [
      "2025-09-27T00:00:00"
    ]
  },
  "754-04033_belt": {
    "asin": "B0FC6VJJYW",
    "periods": [
      "2025-09-27T00:00:00",
      "2025-09-20T00:00:00",
      "2025-09-13T00:00:00",
      "2025-09-06T00:00:00"
    ]
  },
  "PA-NHE1-HTYS": {
    "asin": "B09XDTMRF3",
    "periods": [
      "2025-09-27T00:00:00"
    ]
  },
  "C7-9I67-JY32": {
    "asin": "B07XJ778F7",
    "periods": [
      "2025-09-27T00:00:00"
    ]
  },
  "3A-P3S7-VOLY": {
    "asin": "B0949B1QRY",
    "periods": [
      "2025-09-27T00:00:00"
    ]
  },
  "YX-WISF-A1DR": {
    "asin": "B07XHNB7L9",
    "periods": [
      "2025-09-27T00:00:00"
    ]
  },
  "44-1MDD-BCV2": {
    "asin": "B0949HRD7W",
    "periods": [
      "2025-09-27T00:00:00"
    ]
  },
  "754-04118_belt": {
    "asin": "B0FHL1KJ45",
    "periods": [
      "2025-09-27T00:00:00",
      "2025-09-20T00:00:00",
      "2025-09-13T00:00:00",
      "2025-09-06T00:00:00"
    ]
  },
  "ZN-4QZC-2S5W": {
    "asin": "B07XK92BS8",
    "periods": [
      "2025-09-27T00:00:00"
    ]
  },
  "M3-FHYD-2ZMS": {
    "asin": "B0FJ8NDGXB",
    "periods": [
      "2025-09-27T00:00:00",
      "2025-09-20T00:00:00",
      "2025-09-13T00:00:00",
      "2025-09-06T00:00:00"
    ]
  },
  "754-04249_belt": {
    "asin": "B0CL71QS9Z",
    "periods": [
      "2025-09-27T00:00:00"
    ]
  },
  "Z9-E492-A6JQ": {
    "asin": "B09XDTY5PG",
    "periods": [
      "2025-09-27T00:00:00"
    ]
  },
  "754-04329_belt": {
    "asin": "B0FCYJB165",
    "periods": [
      "2025-09-27T00:00:00",
      "2025-09-20T00:00:00",
      "2025-09-13T00:00:00",
      "2025-09-06T00:00:00"
    ]
  },
  "97-NBNX-29OL": {
    "asin": "B08BLSMJ19",
    "periods": [
      "2025-09-27T00:00:00"
    ]
  },
  "6G-I0DD-8C93": {
    "asin": "B0949JLHD9",
    "periods": [
      "2025-09-27T00:00:00"
    ]
  },
  "WD-9ZRT-CNZM": {
    "asin": "B0F9X3MN3D",
    "periods": [
      "2025-09-27T00:00:00",
      "2025-09-20T00:00:00",
      "2025-09-13T00:00:00",
      "2025-09-06T00:00:00"
    ]
  },
  "E9-KLZ2-VGP1": {
    "asin": "B09XDTSFVL",
    "periods": [
      "2025-09-27T00:00:00"
    ]
  },
  "754-0641_belt": {
    "asin": "B0CL6PLQG5",
    "periods": [
      "2025-09-27T00:00:00"
    ]
  },
  "VI-MVET-R0Q5": {
    "asin": "B08BLTMTS5",
    "periods": [
      "2025-09-27T00:00:00"
    ]
  },
  "754-3055A_belt": {
    "asin": "B0CL6YS6HH",
    "periods": [
      "2025-09-27T00:00:00"
    ]
  },
  "789388_belt": {
    "asin": "B0FHKXTDVQ",
    "periods": [
      "2025-09-27T00:00:00",
      "2025-09-20T00:00:00",
      "2025-09-13T00:00:00",
      "2025-09-06T00:00:00"
    ]
  },
  "791988_belt": {
    "asin": "B0CL6QFQJP",
    "periods": [
      "2025-09-27T00:00:00"
    ]
  },
  "793828_belt": {
    "asin": "B0CL6QY76M",
    "periods": [
      "2025-09-27T00:00:00"
    ]
  },
  "HM-EFZY-XBQF": {
    "asin": "B0949GW2T2",
    "periods": [
      "2025-09-27T00:00:00"
    ]
  },
  "7G-W3GQ-QCR3": {
    "asin": "B07XHNCK4F",
    "periods": [
      "2025-09-27T00:00:00"
    ]
  },
  "954-04138_belt": {
    "asin": "B0F9X68RB9",
    "periods": [
      "2025-09-27T00:00:00",
      "2025-09-20T00:00:00",
      "2025-09-13T00:00:00",
      "2025-09-06T00:00:00"
    ]
  },
  "954-04153_belt": {
    "asin": "B0CL6S5FQV",
    "periods": [
      "2025-09-27T00:00:00"
    ]
  },
  "K7-D19L-900H": {
    "asin": "B0BZ4GC3ZX",
    "periods": [
      "2025-09-27T00:00:00"
    ]
  },
  "31-CVHW-LTRG": {
    "asin": "B0BZ4JZCKV",
    "periods": [
      "2025-09-27T00:00:00"
    ]
  },
  "SX-Y177-B5HH": {
    "asin": "B0949J9SS7",
    "periods": [
      "2025-09-27T00:00:00"
    ]
  },
  "A1-4JR2-NE7X": {
    "asin": "B0BZ4WTVJP",
    "periods": [
      "2025-09-27T00:00:00"
    ]
  },
  "OF-9UPO-NT4M": {
    "asin": "B09XDVLVZ8",
    "periods": [
      "2025-09-27T00:00:00"
    ]
  },
  "2O-BU81-HI5Y": {
    "asin": "B07XKC1HYS",
    "periods": [
      "2025-09-27T00:00:00"
    ]
  },
  "JX-BOQH-XBK3": {
    "asin": "B07XGMHHT8",
    "periods": [
      "2025-09-27T00:00:00"
    ]
  },
  "WE-UUYD-RFJO": {
    "asin": "B0FCYGT8KC",
    "periods": [
      "2025-09-27T00:00:00",
      "2025-09-20T00:00:00",
      "2025-09-13T00:00:00",
      "2025-09-06T00:00:00"
    ]
  },
  "LK-FO94-BUEN": {
    "asin": "B0BZVPVGLK",
    "periods": [
      "2025-09-27T00:00:00"
    ]
  },
  "M5-B3F6-2YI3": {
    "asin": "B0BZS1R73G",
    "periods": [
      "2025-09-27T00:00:00"
    ]
  },
  "GX25628 _belt": {
    "asin": "B0CL6Q9B56",
    "periods": [
      "2025-09-27T00:00:00"
    ]
  },
  "06-0DNE-ZD1C": {
    "asin": "B0CBBRM6DK",
    "periods": [
      "2025-09-27T00:00:00"
    ]
  },
  "M110978_belt": {
    "asin": "B0CL6QK35B",
    "periods": [
      "2025-09-27T00:00:00"
    ]
  },
  "QT-AQ5F-P1Z9": {
    "asin": "B0C9MWNFG1",
    "periods": [
      "2025-09-27T00:00:00"
    ]
  },
  "V2-TUV3-24MU": {
    "asin": "B0FC6TCP6N",
    "periods": [
      "2025-09-27T00:00:00",
      "2025-09-20T00:00:00",
      "2025-09-13T00:00:00",
      "2025-09-06T00:00:00"
    ]
  },
  "6N-M7B3-0RHU": {
    "asin": "B0FC6PR186",
    "periods": [
      "2025-09-27T00:00:00",
      "2025-09-20T00:00:00",
      "2025-09-13T00:00:00",
      "2025-09-06T00:00:00"
    ]
  },
  "M151649_belt": {
    "asin": "B0F9X3FSK8",
    "periods": [
      "2025-09-27T00:00:00",
      "2025-09-20T00:00:00",
      "2025-09-13T00:00:00",
      "2025-09-06T00:00:00"
    ]
  },
  "IG-KDML-C2HQ": {
    "asin": "B0FR4TJK4W",
    "periods": [
      "2025-09-27T00:00:00",
      "2025-09-20T00:00:00"
    ]
  },
  "88-BTRO-N3H0": {
    "asin": "B0C2VLHM5Y",
    "periods": [
      "2025-09-27T00:00:00"
    ]
  },
  "BK-NIP1-KWAO": {
    "asin": "B0FJFZCVDC",
    "periods": [
      "2025-09-27T00:00:00",
      "2025-09-20T00:00:00",
      "2025-09-13T00:00:00",
      "2025-09-06T00:00:00"
    ]
  },
  "QI-F7NC-PODL": {
    "asin": "B08BLQXV1G",
    "periods": [
      "2025-09-27T00:00:00"
    ]
  },
  "M154960_belt": {
    "asin": "B0F9X6PLZF",
    "periods": [
      "2025-09-27T00:00:00",
      "2025-09-20T00:00:00",
      "2025-09-13T00:00:00",
      "2025-09-06T00:00:00"
    ]
  },
  "8B-W4VM-CFKY": {
    "asin": "B0FQVF4HZW",
    "periods": [
      "2025-09-27T00:00:00",
      "2025-09-20T00:00:00"
    ]
  },
  "TCU13198_belt": {
    "asin": "B0CL6RTYBJ",
    "periods": [
      "2025-09-27T00:00:00"
    ]
  },
  "TCU16907_belt": {
    "asin": "B0CL6QDLKZ",
    "periods": [
      "2025-09-27T00:00:00"
    ]
  },
  "592951801_belt": {
    "asin": "B0DV9M3KJ3",
    "periods": [
      "2025-09-27T00:00:00"
    ]
  },
  "582558001_belt": {
    "asin": "B0DV9KBJVZ",
    "periods": [
      "2025-09-27T00:00:00"
    ]
  },
  "120-9470_belt": {
    "asin": "B0DV9GCD1L",
    "periods": [
      "2025-09-27T00:00:00"
    ]
  },
  "91-2258_belt": {
    "asin": "B0DV9LPBD7",
    "periods": [
      "2025-09-27T00:00:00"
    ]
  },
  "954-04208A_belt": {
    "asin": "B0DV9GGHVX",
    "periods": [
      "2025-09-27T00:00:00"
    ]
  },
  "954-05078_belt": {
    "asin": "B0DV9JKVWF",
    "periods": [
      "2025-09-27T00:00:00"
    ]
  },
  "954-0349_belt": {
    "asin": "B0DV9N49F8",
    "periods": [
      "2025-09-27T00:00:00"
    ]
  },
  "130-0843_belt": {
    "asin": "B0DV9GKRKS",
    "periods": [
      "2025-09-27T00:00:00"
    ]
  },
  "M174994_belt": {
    "asin": "B0DV9M73FC",
    "periods": [
      "2025-09-27T00:00:00"
    ]
  },
  "532125907_belt": {
    "asin": "B0DV9KRZFJ",
    "periods": [
      "2025-09-27T00:00:00"
    ]
  },
  "532435110": {
    "asin": "B0FQK1CCBJ",
    "periods": [
      "2025-09-27T00:00:00",
      "2025-09-20T00:00:00",
      "2025-09-13T00:00:00",
      "2025-09-06T00:00:00"
    ]
  },
  "584243501": {
    "asin": "B0CPYGBYCC",
    "periods": [
      "2025-09-06T00:00:00"
    ]
  },
  "746-05124A": {
    "asin": "B0FDKVT8YJ",
    "periods": [
      "2025-09-27T00:00:00",
      "2025-09-20T00:00:00",
      "2025-09-13T00:00:00",
      "2025-09-06T00:00:00"
    ]
  },
  "GY21106": {
    "asin": "B0FSLPQ41Z",
    "periods": [
      "2025-09-27T00:00:00",
      "2025-09-20T00:00:00",
      "2025-09-13T00:00:00",
      "2025-09-06T00:00:00"
    ]
  },
  "GY21641": {
    "asin": "B0F6YY3V7J",
    "periods": [
      "2025-09-27T00:00:00",
      "2025-09-20T00:00:00",
      "2025-09-13T00:00:00",
      "2025-09-06T00:00:00"
    ]
  },
  "SB-UDC3-0101": {
    "asin": "B0BD61BN73",
    "periods": [
      "2025-09-27T00:00:00",
      "2025-09-20T00:00:00",
      "2025-09-13T00:00:00",
      "2025-09-06T00:00:00"
    ]
  },
  "SB-UDC3-0420": {
    "asin": "B0BD63YDP6",
    "periods": [
      "2025-09-27T00:00:00",
      "2025-09-20T00:00:00",
      "2025-09-13T00:00:00",
      "2025-09-06T00:00:00"
    ]
  },
  "8300507": {
    "asin": "B0F6YS4GJM",
    "periods": [
      "2025-09-27T00:00:00",
      "2025-09-20T00:00:00",
      "2025-09-13T00:00:00",
      "2025-09-06T00:00:00"
    ]
  },
  "Blade_FBM_1_942-0741A_M": {
    "asin": "B0DQLG1YPB",
    "periods": [
      "2025-09-27T00:00:00",
      "2025-09-20T00:00:00"
    ]
  },
  "Blade_FBM_1_108-9764-03_GM": {
    "asin": "B0DQLDKSDD",
    "periods": [
      "2025-09-27T00:00:00",
      "2025-09-20T00:00:00",
      "2025-09-13T00:00:00",
      "2025-09-06T00:00:00"
    ]
  }
}