{
  "sheet_url": {
    "competitors": "https://docs.google.com/spreadsheets/d/1XO8aC2pjMlrRra3ANxItX2sevOJRnsC35GMXa2wspb8",
    "old_asin": "https://docs.google.com/spreadsheets/d/1sxlNAGuHWeiIXEKE6cEvhGv67o5ExPm9UGAgsFF59bY",
    "asin": "https://docs.google.com/spreadsheets/d/1agCL4rAQz9Bst8nIkPpxe9emDH7XHI5GoRpLd5rPvBE"
  },
  "sheet_name": {
    "competitors": "Аркуш1",
    "old_asin": "Аркуш1",
    "asin": "All Products"
  },
  "scopes": [
    "https://spreadsheets.google.com/feeds",
    "https://www.googleapis.com/auth/drive"
  ]
}