{
  "login": {
    "Host": "cognito-idp.us-west-2.amazonaws.com",
    "Accept": "*/*",
    "Accept-Language": "en-US,en;q=0.5",
    "Referer": "https://app.datarova.com/",
    "Content-Type": "application/x-amz-json-1.1",
    "X-Amz-Target": "AWSCognitoIdentityProviderService.InitiateAuth",
    "X-Amz-User-Agent": "aws-amplify/0.1.x js",
    "Origin": "https://app.datarova.com",
    "Sec-Fetch-Dest": "empty",
    "Sec-Fetch-Mode": "cors",
    "Sec-Fetch-Site": "cross-site",
    "Priority": "u=4",
    "Cache-Control": "max-age=0",
    "User-Agent": "Mozilla/5.0 (Windows NT 10.0; Win64; x64) AppleWebKit/537.36 (KHTML, like Gecko) Chrome/131.0.0.0 Safari/537.36"
  },
  "customer": {
    "Host": "api.datarova.com",
    "User-Agent": "Mozilla/5.0 (Windows NT 10.0; Win64; x64) AppleWebKit/537.36 (KHTML, like Gecko) Chrome/131.0.0.0 Safari/537.36",
    "Accept": "application/json, text/plain, */*",
    "Accept-Language": "en-US,en;q=0.5",
    "Origin": "https://app.datarova.com",
    "Referer": "https://app.datarova.com/",
    "Sec-Fetch-Dest": "empty",
    "Sec-Fetch-Mode": "cors",
    "Sec-Fetch-Site": "same-site"
  },
  "add": {
    "accept": "application/json, text/plain, */*",
    "accept-language": "en-US,en;q=0.9,ru;q=0.8,uk;q=0.7",
    "content-type": "application/x-www-form-urlencoded",
    "origin": "https://app.datarova.com",
    "priority": "u=1, i",
    "referer": "https://app.datarova.com/",
    "user-agent": "Mozilla/5.0 (Windows NT 10.0; Win64; x64) AppleWebKit/537.36 (KHTML, like Gecko) Chrome/131.0.0.0 Safari/537.36",
    "x-parent-user-email": "",
    "x-parent-user-id": ""
  },
  "downloads": {
    "Host": "api.datarova.com",
    "accept": "application/json, text/plain, */*",
    "accept-language": "en-US,en;q=0.9,ru;q=0.8,uk;q=0.7",
    "origin": "https://app.datarova.com",
    "priority": "u=1, i",
    "referer": "https://app.datarova.com/",
    "user-agent": "Mozilla/5.0 (Windows NT 10.0; Win64; x64) AppleWebKit/537.36 (KHTML, like Gecko) Chrome/131.0.0.0 Safari/537.36",
    "x-parent-user-email": "",
    "x-parent-user-id": ""
  }
}