[
  {
    "type": "weekly",
    "enabled": true,
    "time_range": [
      {"start": "00:00", "end": "2:00"}
    ],
    "args": [
      "--user=1",
      "--service=brand_analytics",
      "--category=asin"
    ]
  },
  {
    "type": "weekly",
    "enabled": true,
    "time_range": [
      {"start": "00:00", "end": "2:00"}
    ],
    "args": [
      "--user=4",
      "--service=brand_analytics",
      "--category=asin"
    ]
  },
  {
    "type": "daily",
    "enabled": true,
    "time_range": [
      {"start": "00:45", "end": "01:00"}
    ],
    "args": [
      "--user=0",
      "--service=datarova"
    ]
  },
  {
    "type": "daily",
    "enabled": true,
    "time_range": [
      {"start": "00:00", "end": "00:20"}
    ],
    "args": [
      "--user=3",
      "--service=business_reports",
      "--category=sales_traffic_daily"
    ]
  },
  {
    "type": "daily",
    "enabled": true,
    "time_range": [
      {"start": "00:30", "end": "00:45"},
      {"start": "6:00", "end": "6:15"},
      {"start": "10:00", "end": "10:15"}
    ],
    "args": [
      "--user=2",
      "--service=fulfillment",
      "--category=manage_fba_inventory"
    ]
  },
  {
    "type": "daily",
    "enabled": true,
    "time_range": [
      {"start": "00:30", "end": "00:45"},
      {"start": "6:00", "end": "6:15"},
      {"start": "10:00", "end": "10:15"}
    ],
    "args": [
      "--user=2",
      "--service=fulfillment",
      "--category=fba_inventory"
    ]
  },
  {
    "type": "daily",
    "enabled": true,
    "time_range": [
      {"start": "00:30", "end": "01:15"}
    ],
    "args": [
      "--user=2",
      "--service=fulfillment",
      "--category=replacements"
    ]
  },
  {
    "type": "daily",
    "enabled": true,
    "time_range": [
      {"start": "01:01", "end": "01:30"}
    ],
    "args": [
      "--user=2",
      "--service=fulfillment",
      "--category=fulfilled_shipments"
    ]
  },
  {
    "type": "monthly",
    "enabled": true,
    "time_range": [
      {"start": "01:00", "end": "11:00"}
    ],
    "args": [
      "--user=2",
      "--service=fulfillment",
      "--category=reimbursements"
    ]
  },
  {
    "type": "monthly",
    "enabled": true,
    "time_range": [
      {"start": "01:00", "end": "11:00"}
    ],
    "day": 15,
    "args": [
      "--user=2",
      "--service=fulfillment",
      "--category=inventory_surcharge"
    ]
  },
  {
    "type": "monthly",
    "enabled": true,
    "time_range": [
      {"start": "01:00", "end": "11:00"}
    ],
    "day": 15,
    "args": [
      "--user=2",
      "--service=fulfillment",
      "--category=storage_fees"
    ]
  },
  {
    "type": "monthly",
    "enabled": true,
    "time_range": [
      {"start": "01:00", "end": "11:00"}
    ],
    "args": [
      "--user=2",
      "--service=fulfillment",
      "--category=shipment_detail"
    ]
  },
  {
    "type": "monthly",
    "enabled": true,
    "time_range": [
      {"start": "01:00", "end": "11:00"}
    ],
    "args": [
      "--user=2",
      "--service=fulfillment",
      "--category=order_detail"
    ]
  },
  {
    "type": "monthly",
    "enabled": true,
    "time_range": [
      {"start": "01:00", "end": "11:00"}
    ],
    "day": 15,
    "args": [
      "--user=2",
      "--service=awd",
      "--category=storage"
    ]
  },
     {
    "type": "monthly",
    "enabled": true,
    "time_range": [
      {"start": "01:00", "end": "11:00"}
    ],
    "day": 15,
    "args": [
      "--user=2",
      "--service=awd",
      "--category=processing"
    ]
  },
     {
    "type": "monthly",
    "enabled": true,
    "time_range": [
      {"start": "01:00", "end": "11:00"}
    ],
    "day": 15,
    "args": [
      "--user=2",
      "--service=awd",
      "--category=transportation"
    ]
  },
  {
    "type": "daily",
    "enabled": true,
    "time_range": [
      {"start": "00:30", "end": "01:30"}
    ],
    "args": [
      "--user=2",
      "--service=awd",
      "--category=inventory"
    ]
  },
  {
    "type": "weekly",
    "enabled": true,
    "time_range": [
      {"start": "00:30", "end": "01:30"}
    ],
    "args": [
      "--user=2",
      "--service=shipments"
    ]
  },
  {
    "type": "daily",
    "enabled": true,
    "time_range": [
      {"start": "00:45", "end": "01:00"}
    ],
    "args": [
      "--user=2",
      "--service=fulfillment",
      "--category=promotions"
    ]
  },
  {
    "type": "daily",
    "enabled": true,
    "time_range": [
      {"start": "00:45", "end": "01:00"}
    ],
    "args": [
      "--user=2",
      "--service=fulfillment",
      "--category=fba_customer_returns"
    ]
  },
  {
    "type": "daily",
    "enabled": true,
    "time_range": [
      {"start": "01:01", "end": "01:06"}
    ],
    "args": [
      "--user=4",
      "--service=payments",
      "--category=transaction"
    ]
  },
  {
    "type": "daily",
    "enabled": true,
    "time_range": [
      {"start": "00:45", "end": "01:00"}
    ],
    "args": [
      "--user=2",
      "--service=awd",
      "--category=shipment_awd_inbound"
    ]
  }
]