{
  "041-0178-00": {
    "sku": "041-0178-00_belt",
    "current_asin": "B0FJFYR3S5"
  },
  "041-1470-00": {
    "sku": "041-1470-00_belt",
    "current_asin": "B0FB41CH6Q"
  },
  "041-1560-00": {
    "sku": "041-1560-00_belt",
    "current_asin": "B0FJ8Q94DP"
  },
  "041-1650-00": {
    "sku": "UB-YKRT-8BKH",
    "current_asin": "B0FH2B553R"
  },
  "041-4022-00": {
    "sku": "041-4022-00_belt",
    "current_asin": "B0CL6QXY7D"
  },
  "041-6027-00": {
    "sku": "041-6027-00_belt",
    "current_asin": "B0FJFZDJBS"
  },
  "041-6400-00": {
    "sku": "041-6400-00_belt",
    "current_asin": "B0CL6QC2C8"
  },
  "07200023": {
    "sku": "07200023_belt",
    "current_asin": "B0FCYGJL2P"
  },
  "103-4014": {
    "sku": "GD-74AF-PCL0",
    "current_asin": "B0C9MZDV5H"
  },
  "106-2173": {
    "sku": "106-2173_belt",
    "current_asin": "B0CL6YR3NK"
  },
  "109-8073": {
    "sku": "109-8073_belt",
    "current_asin": "B0FJG3CS15"
  },
  "110-6871": {
    "sku": "110-6871_belt",
    "current_asin": "B0CL6PWLN4"
  },
  "110-6892": {
    "sku": "110-6892_belt",
    "current_asin": "B0CL6QXY6R"
  },
  "115-4669": {
    "sku": "115-4669_belt",
    "current_asin": "B0CL74K9V6"
  },
  "117-1018": {
    "sku": "F4-UDKM-0NCM",
    "current_asin": "B0949FTV1N"
  },
  "119-8819": {
    "sku": "6F-W2C7-868V",
    "current_asin": "B0BZVNLWK2"
  },
  "119-8820": {
    "sku": "0J-LX56-YXHA",
    "current_asin": "B08BLSHNDJ"
  },
  "130969": {
    "sku": "G2-IIPU-KZ01",
    "current_asin": "B08BLRVS28"
  },
  "137153": {
    "sku": "FP-SPTJ-A3HV",
    "current_asin": "B09XDWCZN1"
  },
  "138255": {
    "sku": "KB-ZFNY-HEC0",
    "current_asin": "B0BZZB1MJ2"
  },
  "140218": {
    "sku": "AI-8RNK-XB6O",
    "current_asin": "B09XDTFX65"
  },
  "140294": {
    "sku": "CS-LM96-44XR",
    "current_asin": "B09XDVX1C2"
  },
  "144200": {
    "sku": "04-A3F4-7F8O",
    "current_asin": "B0BZ4H6H3Z"
  },
  "144959": {
    "sku": "XQ-TYRD-FXNW",
    "current_asin": "B07XGMJCX6"
  },
  "174368": {
    "sku": "YJ-TI0V-2NTR",
    "current_asin": "B0FCYG6HQT"
  },
  "174883": {
    "sku": "174883_belt",
    "current_asin": "B0F9WWXRWY"
  },
  "180808": {
    "sku": "180808_belt",
    "current_asin": "B0FCYFWNJX"
  },
  "194346": {
    "sku": "194346_belt",
    "current_asin": "B0CL75FQVY"
  },
  "196103": {
    "sku": "FP-164W-2FO8",
    "current_asin": "B08BLRHKZS"
  },
  "197242": {
    "sku": "5N-FNTV-Q8OP",
    "current_asin": "B0FG2WWW2V"
  },
  "197253": {
    "sku": "36-J9BX-KKI2",
    "current_asin": "B0949K1453"
  },
  "405143": {
    "sku": "5K-YBDM-S0OH",
    "current_asin": "B07XJ7BJ2W"
  },
  "539109243": {
    "sku": "539109243_belt",
    "current_asin": "B0F9WYDNP6"
  },
  "539114557": {
    "sku": "VK-3WZZ-L41G",
    "current_asin": "B08BLT1GM7"
  },
  "539117245": {
    "sku": "AL-N0C3-1S0R",
    "current_asin": "B0949KL2TT"
  },
  "604817": {
    "sku": "604817_belt",
    "current_asin": "B0CL6R11P3"
  },
  "754-0241": {
    "sku": "2H-2NXI-SW37",
    "current_asin": "B08P296D82"
  },
  "754-04033": {
    "sku": "754-04033_belt",
    "current_asin": "B0FC6VJJYW"
  },
  "754-04043": {
    "sku": "PA-NHE1-HTYS",
    "current_asin": "B09XDTMRF3"
  },
  "754-04044": {
    "sku": "C7-9I67-JY32",
    "current_asin": "B07XJ778F7"
  },
  "754-04045": {
    "sku": "3A-P3S7-VOLY",
    "current_asin": "B0949B1QRY"
  },
  "754-04060": {
    "sku": "YX-WISF-A1DR",
    "current_asin": "B07XHNB7L9"
  },
  "754-04062": {
    "sku": "44-1MDD-BCV2",
    "current_asin": "B0949HRD7W"
  },
  "754-04118": {
    "sku": "754-04118_belt",
    "current_asin": "B0FHL1KJ45"
  },
  "754-04219": {
    "sku": "ZN-4QZC-2S5W",
    "current_asin": "B07XK92BS8"
  },
  "754-04240": {
    "sku": "M3-FHYD-2ZMS",
    "current_asin": "B0FJ8NDGXB"
  },
  "754-04249": {
    "sku": "754-04249_belt",
    "current_asin": "B0CL71QS9Z"
  },
  "754-04317": {
    "sku": "Z9-E492-A6JQ",
    "current_asin": "B09XDTY5PG"
  },
  "754-04329": {
    "sku": "754-04329_belt",
    "current_asin": "B0FCYJB165"
  },
  "754-0467": {
    "sku": "97-NBNX-29OL",
    "current_asin": "B08BLSMJ19"
  },
  "754-0468": {
    "sku": "6G-I0DD-8C93",
    "current_asin": "B0949JLHD9"
  },
  "754-0497": {
    "sku": "WD-9ZRT-CNZM",
    "current_asin": "B0F9X3MN3D"
  },
  "754-05027": {
    "sku": "E9-KLZ2-VGP1",
    "current_asin": "B09XDTSFVL"
  },
  "754-0641": {
    "sku": "754-0641_belt",
    "current_asin": "B0CL6PLQG5"
  },
  "754-0642": {
    "sku": "VI-MVET-R0Q5",
    "current_asin": "B08BLTMTS5"
  },
  "754-3055A": {
    "sku": "754-3055A_belt",
    "current_asin": "B0CL6YS6HH"
  },
  "789388": {
    "sku": "789388_belt",
    "current_asin": "B0FHKXTDVQ"
  },
  "791988": {
    "sku": "791988_belt",
    "current_asin": "B0CL6QFQJP"
  },
  "793828": {
    "sku": "793828_belt",
    "current_asin": "B0CL6QY76M"
  },
  "954-04032B": {
    "sku": "HM-EFZY-XBQF",
    "current_asin": "B0949GW2T2"
  },
  "954-04077": {
    "sku": "7G-W3GQ-QCR3",
    "current_asin": "B07XHNCK4F"
  },
  "954-04138": {
    "sku": "954-04138_belt",
    "current_asin": "B0F9X68RB9"
  },
  "954-04153": {
    "sku": "954-04153_belt",
    "current_asin": "B0CL6S5FQV"
  },
  "954-04207": {
    "sku": "K7-D19L-900H",
    "current_asin": "B0BZ4GC3ZX"
  },
  "954-0461": {
    "sku": "31-CVHW-LTRG",
    "current_asin": "B0BZ4JZCKV"
  },
  "954-05001": {
    "sku": "SX-Y177-B5HH",
    "current_asin": "B0949J9SS7"
  },
  "954-05021": {
    "sku": "A1-4JR2-NE7X",
    "current_asin": "B0BZ4WTVJP"
  },
  "954-05022a": {
    "sku": "OF-9UPO-NT4M",
    "current_asin": "B09XDVLVZ8"
  },
  "GX20006": {
    "sku": "2O-BU81-HI5Y",
    "current_asin": "B07XKC1HYS"
  },
  "GX20072": {
    "sku": "JX-BOQH-XBK3",
    "current_asin": "B07XGMHHT8"
  },
  "GX20305": {
    "sku": "WE-UUYD-RFJO",
    "current_asin": "B0FCYGT8KC"
  },
  "GX21395": {
    "sku": "LK-FO94-BUEN",
    "current_asin": "B0BZVPVGLK"
  },
  "GX21833": {
    "sku": "M5-B3F6-2YI3",
    "current_asin": "B0BZS1R73G"
  },
  "GX25628": {
    "sku": "_belt",
    "current_asin": "B0CL6Q9B56"
  },
  "GX26422": {
    "sku": "06-0DNE-ZD1C",
    "current_asin": "B0CBBRM6DK"
  },
  "M110978": {
    "sku": "M110978_belt",
    "current_asin": "B0CL6QK35B"
  },
  "m124895": {
    "sku": "QT-AQ5F-P1Z9",
    "current_asin": "B0C9MWNFG1"
  },
  "M126536": {
    "sku": "V2-TUV3-24MU",
    "current_asin": "B0FC6TCP6N"
  },
  "M144044": {
    "sku": "6N-M7B3-0RHU",
    "current_asin": "B0FC6PR186"
  },
  "M151649": {
    "sku": "M151649_belt",
    "current_asin": "B0F9X3FSK8"
  },
  "M154157": {
    "sku": "IG-KDML-C2HQ",
    "current_asin": "B0C2VDG4YM"
  },
  "M154294": {
    "sku": "88-BTRO-N3H0",
    "current_asin": "B0C2VLHM5Y"
  },
  "M154621": {
    "sku": "BK-NIP1-KWAO",
    "current_asin": "B0FJFZCVDC"
  },
  "M154958": {
    "sku": "QI-F7NC-PODL",
    "current_asin": "B08BLQXV1G"
  },
  "M154960": {
    "sku": "M154960_belt",
    "current_asin": "B0F9X6PLZF"
  },
  "M158131": {
    "sku": "8B-W4VM-CFKY",
    "current_asin": "B0BZJ1R8HB"
  },
  "TCU13198": {
    "sku": "TCU13198_belt",
    "current_asin": "B0CL6RTYBJ"
  },
  "TCU16907": {
    "sku": "TCU16907_belt",
    "current_asin": "B0CL6QDLKZ"
  },
  "592951801": {
    "sku": "592951801_belt",
    "current_asin": "B0DV9M3KJ3"
  },
  "582558001": {
    "sku": "582558001_belt",
    "current_asin": "B0DV9KBJVZ"
  },
  "120-9470": {
    "sku": "120-9470_belt",
    "current_asin": "B0DV9GCD1L"
  },
  "91-2258": {
    "sku": "91-2258_belt",
    "current_asin": "B0DV9LPBD7"
  },
  "954-04208A": {
    "sku": "954-04208A_belt",
    "current_asin": "B0DV9GGHVX"
  },
  "954-05078": {
    "sku": "954-05078_belt",
    "current_asin": "B0DV9JKVWF"
  },
  "954-0349": {
    "sku": "954-0349_belt",
    "current_asin": "B0DV9N49F8"
  },
  "130-0843": {
    "sku": "130-0843_belt",
    "current_asin": "B0DV9GKRKS"
  },
  "M174994": {
    "sku": "M174994_belt",
    "current_asin": "B0DV9M73FC"
  },
  "532125907": {
    "sku": "532125907_belt",
    "current_asin": "B0DV9KRZFJ"
  },
  "1-633127": {
    "sku": "1-633127_belt",
    "current_asin": "B0DV9GHJLP"
  },
  "TCU30356": {
    "sku": "TCU30356_belt",
    "current_asin": "B0DV9G37H6"
  },
  "GX24154": {
    "sku": "GX24154_belt",
    "current_asin": "B0DV9M39WK"
  },
  "754-04259": {
    "sku": "954-04259A_belt",
    "current_asin": "B0DV9JLX28"
  },
  "115-4971": {
    "sku": "133-1167_belt",
    "current_asin": "B0DV9M3S3R"
  },
  "754-04001": {
    "sku": "954-04001A_belt",
    "current_asin": "B0DV9K56NQ"
  },
  "522795901": {
    "sku": "522795901_belt",
    "current_asin": "B0DV9GRKS4"
  },
  "954-05012A": {
    "sku": "954-05012A_belt",
    "current_asin": "B0DV9LX69Y"
  },
  "191273": {
    "sku": "191273_belt",
    "current_asin": "B0DV9M2K4H"
  },
  "954-04325": {
    "sku": "954-04325_belt",
    "current_asin": "B0DV9WTSLQ"
  },
  "109-3661": {
    "sku": "109-3661_belt",
    "current_asin": "B0DV9MBLFX"
  },
  "754-0370": {
    "sku": "954-0370_belt",
    "current_asin": "B0DV9K83S7"
  },
  "038-0005-00": {
    "sku": "Blade_3_038-0005-00_HL",
    "current_asin": "B0D3V4MRHY"
  },
  "038-2007-00": {
    "sku": "038-2007-00",
    "current_asin": "B0CPM5YL5V"
  },
  "103-6401": {
    "sku": "Blade_3_103-6401_HL",
    "current_asin": "B0D3V5Y8VQ"
  },
  "108-9764-03": {
    "sku": "108-9764-03",
    "current_asin": "B0CPM6F5P3"
  },
  "110-6837-03": {
    "sku": "110-6837-03",
    "current_asin": "B0CPM5Q6M2"
  },
  "116-6358-03": {
    "sku": "116-6358-03",
    "current_asin": "B0CPM59XYN"
  },
  "134149": {
    "sku": "Blade_2_134149_M",
    "current_asin": "B0D3V4TCWM"
  },
  "138497": {
    "sku": "Blade_2_138497_HL",
    "current_asin": "B0DKFWBQ8J"
  },
  "138971": {
    "sku": "Blade_2_138971_HL",
    "current_asin": "B0D3V4P8LD"
  },
  "173920": {
    "sku": "173920",
    "current_asin": "B0CPM4XKVV"
  },
  "173921": {
    "sku": "173921",
    "current_asin": "B0CPM48YPP"
  },
  "187256": {
    "sku": "187256",
    "current_asin": "B0CPM4PPK7"
  },
  "403107": {
    "sku": "403107",
    "current_asin": "B0CPM4YYMK"
  },
  "405380": {
    "sku": "Blade_2_405380_ML",
    "current_asin": "B0D3V3KHHG"
  },
  "601124": {
    "sku": "601124",
    "current_asin": "B0CPM64RMT"
  },
  "742-04053": {
    "sku": "742-04053",
    "current_asin": "B0CPM3XPMH"
  },
  "742-04290-X": {
    "sku": "742-04290-X",
    "current_asin": "B0CPM49DN1"
  },
  "742-0677": {
    "sku": "742-0677",
    "current_asin": "B0CPM49Q1K"
  },
  "795526": {
    "sku": "Blade_3_795526_HL",
    "current_asin": "B0D3V2CCJR"
  },
  "942-04244A": {
    "sku": "942-04290",
    "current_asin": "B0CPM49JXW"
  },
  "942-04308A": {
    "sku": "Blade_2_942-04308A_HL",
    "current_asin": "B0D3V4DYW6"
  },
  "942-05052A": {
    "sku": "942-05052A",
    "current_asin": "B0CPM4KHZH"
  },
  "942-05056A": {
    "sku": "942-05056A",
    "current_asin": "B0CPM5XGM4"
  },
  "942-0610A": {
    "sku": "Blade_2_942-0610A_M",
    "current_asin": "B0D3V499JN"
  },
  "942-0611A": {
    "sku": "Blade_3_942-0611A_M",
    "current_asin": "B0D3V4ZQHY"
  },
  "942-0616": {
    "sku": "942-0616",
    "current_asin": "B0CPM5RZRS"
  },
  "942-0741A": {
    "sku": "742-04100",
    "current_asin": "B0CPM5FKK1"
  },
  "AM137757": {
    "sku": "AM137757",
    "current_asin": "B0CPM54XJV"
  },
  "GX22151": {
    "sku": "GX22151",
    "current_asin": "B0CPM69616"
  },
  "115-8439": {
    "sku": "115-8439",
    "current_asin": "B0CPYGWD15"
  },
  "175067": {
    "sku": "175067",
    "current_asin": "B0CPYDLCC4"
  },
  "532435110": {
    "sku": "532435110",
    "current_asin": "B0FL94V4W1"
  },
  "532435111": {
    "sku": "435111",
    "current_asin": "B0CPYGXWJF"
  },
  "584243501": {
    "sku": "584243501",
    "current_asin": "B0CPYGBYCC"
  },
  "746-05124A": {
    "sku": "746-05124A",
    "current_asin": "B0FDKVT8YJ"
  },
  "946-04092": {
    "sku": "946-04092",
    "current_asin": "B0CPYGRLTW"
  },
  "946-04173E": {
    "sku": "946-04173E",
    "current_asin": "B0CPYGWZCX"
  },
  "946-04618C": {
    "sku": "946-04618C",
    "current_asin": "B0CPYFKLH9"
  },
  "946-04661A": {
    "sku": "746-04661",
    "current_asin": "B0CPYDX9WJ"
  },
  "GY21106": {
    "sku": "GY21106",
    "current_asin": "B0FH2BY552"
  },
  "104-8677": {
    "sku": "104-8677",
    "current_asin": "B0CPYGPZ5S"
  },
  "2034B": {
    "sku": "2034B",
    "current_asin": "B0CPYH3MGH"
  },
  "532176556": {
    "sku": "176556",
    "current_asin": "B0CPYH8R1W"
  },
  "582991501": {
    "sku": "158152",
    "current_asin": "B0CPYHGV4D"
  },
  "946-1130": {
    "sku": "946-1130",
    "current_asin": "B0CPYK1VNL"
  },
  "GY21641": {
    "sku": "GY21641",
    "current_asin": "B0F6YY3V7J"
  },
  "127783": {
    "sku": "Pulley_127783",
    "current_asin": "B0CQ4V1LFH"
  },
  "129861": {
    "sku": "Pulley_129861",
    "current_asin": "B0CQ4WS2L7"
  },
  "173437": {
    "sku": "Pulley_173437",
    "current_asin": "B0CQ4XH7QY"
  },
  "195945": {
    "sku": "Pulley_195945",
    "current_asin": "B0CQ4YLJBY"
  },
  "532194326": {
    "sku": "Pulley_194326",
    "current_asin": "B0CQ4WX5ZC"
  },
  "532194327": {
    "sku": "Pulley_532194327",
    "current_asin": "B0CQ4YKBDH"
  },
  "532196104": {
    "sku": "Pulley_532196104",
    "current_asin": "B0CQ4Y7TN9"
  },
  "532196106": {
    "sku": "Pulley_196106",
    "current_asin": "B0CQ4X6HVG"
  },
  "539110311": {
    "sku": "Pulley_539110311",
    "current_asin": "B0CQ4W8JSW"
  },
  "589766101": {
    "sku": "Pulley_539132728",
    "current_asin": "B0CQ4XNFC3"
  },
  "756-04224": {
    "sku": "Pulley_756-04224",
    "current_asin": "B0CQ4Y7955"
  },
  "756-04511B": {
    "sku": "Pulley_756-04511B",
    "current_asin": "B0CQ4YGB4H"
  },
  "756-1229": {
    "sku": "Pulley_756-1229",
    "current_asin": "B0CQ4YDNY9"
  },
  "956-04129": {
    "sku": "Pulley_956-04129",
    "current_asin": "B0CQ4WCGVX"
  },
  "AM106627": {
    "sku": "Pulley_AM106627",
    "current_asin": "B0CQ4XSBPZ"
  },
  "GY20629": {
    "sku": "Pulley_GY20110",
    "current_asin": "B0CQ4X42WJ"
  },
  "GY22172": {
    "sku": "Pulley_GY20067",
    "current_asin": "B0CQ4WYVQC"
  },
  "754-0101A": {
    "sku": "SB-UDC3-0101",
    "current_asin": "B0BD61BN73"
  },
  "954-04201A": {
    "sku": "SB-UDC3-0420",
    "current_asin": "B0BD63YDP6"
  },
  "579932": {
    "sku": "SB-UDC3-5799",
    "current_asin": "B0BD5ZJ493"
  },
  "754-0153": {
    "sku": "SB-UDC3-0153",
    "current_asin": "B0BD642F2Z"
  },
  "M82612": {
    "sku": "SB-UDC3-2612",
    "current_asin": "B0CRVPB4LP"
  },
  "754-04195": {
    "sku": "SB-UDC3-4195",
    "current_asin": "B0CRVVZSZX"
  },
  "585416": {
    "sku": "SB-UDC3-5416",
    "current_asin": "B0BD62T46J"
  },
  "47846": {
    "sku": "SB-UDC3-7846",
    "current_asin": "B0BD63ZH2T"
  },
  "532174356": {
    "sku": "174356",
    "current_asin": "B0CQ4ZRSVT"
  },
  "587253301": {
    "sku": "587253301",
    "current_asin": "B0CQ52CK9M"
  },
  "618-06976": {
    "sku": "618-06976",
    "current_asin": "B0CQ51JCR6"
  },
  "618-06978": {
    "sku": "618-06978",
    "current_asin": "B0CQ52BRB8"
  },
  "618-06980": {
    "sku": "618-06980",
    "current_asin": "B0D7ZYKW16"
  },
  "618-06981": {
    "sku": "618-06981",
    "current_asin": "B0CQ52JXTV"
  },
  "618-06989": {
    "sku": "618-06989",
    "current_asin": "B0CQ52376S"
  },
  "618-3129": {
    "sku": "618-3129",
    "current_asin": "B0CQ511GWZ"
  },
  "918-06977A": {
    "sku": "918-06977A",
    "current_asin": "B0CQ53Q4PV"
  },
  "918-06991": {
    "sku": "918-06991",
    "current_asin": "B0D7Z8GXX2"
  },
  "133503": {
    "sku": "133503",
    "current_asin": "B0CPYHRC5Y"
  },
  "732-0459C": {
    "sku": "732-0459C",
    "current_asin": "B0CPYHW8CK"
  },
  "8300507": {
    "sku": "8300507",
    "current_asin": "B0F6YS4GJM"
  },
  "932-0594A": {
    "sku": "932-0594A",
    "current_asin": "B0CPYGYNN6"
  },
  "GX21582": {
    "sku": "GX21582",
    "current_asin": "B0CPYK54ST"
  },
  "942-0741A_1": {
    "sku": "Blade_FBM_1_942-0741A_M",
    "current_asin": "B0DQLG1YPB"
  },
  "108-9764-03_1": {
    "sku": "Blade_FBM_1_108-9764-03_GM",
    "current_asin": "B0DQLDKSDD"
  }
}