{
  "base_url": "https://sellercentral.amazon.com",
  "brand_analytics": "https://sellercentral.amazon.com/brand-analytics/dashboard/query-performance",
  "awd": {
    "inventory": "https://sellercentral.amazon.com/fba-inventory/gim/inventory-list",
    "shipment_awd_inbound": "https://sellercentral.amazon.com/awd/reports/inbound?reportType=AwdInboundShipmentReport",
    "monthly": "https://sellercentral.amazon.com/awd/reports/fee"
  },
  "fulfillment": "https://sellercentral.amazon.com/reportcentral/WelcomePage",
  "shipments": "https://sellercentral.amazon.com/gp/ssof/shipping-queue.html",
  "support": "https://sellercentral.amazon.com/cu/case-lobby",
  "business_reports": "https://sellercentral.amazon.com/business-reports/",
  "payments": "https://sellercentral.amazon.com/payments/reports-repository"
}
