[
  {
    "id": "1",
    "username": "brand_analytics",
    "email": "udc.brandanalytics@gmail.com",
    "phone": "17164932202",
    "port": 9222,
    "ads": "https://www.retailmenot.com/"
  },
  {
    "id": "2",
    "username": "logist",
    "email": "udc.log@gmail.com",
    "phone": "18622985975",
    "port": 9223,
    "ads": "https://www.usatoday.com/"
  },
  {
    "id": "3",
    "username": "business_reports",
    "email": "udc.breport@gmail.com",
    "phone": "16469804744",
    "port": 9224,
    "ads": "https://www.nytimes.com/"
  },
  {
    "id": "4",
    "username": "finance",
    "email": "udc.finance4@gmail.com",
    "phone": "19292301364",
    "port": 9225,
    "ads": "https://edition.cnn.com/"
  },
  {
    "id": "5",
    "username": "",
    "email": "",
    "phone": "",
    "port": 9226,
    "ads": "https://www.washingtonpost.com/"
  }
]